0,1,2,3,4,5,6,7,8,9,10,11,12,13,14,15,16,17,18,19,20,21,22,23,24,25,26,27,28,29,30,31,32,33,34,35,36,37,38,39,40,41,42,43,44,45,46,47,48,49,50,51,52,53,54,55,56,57
0.0,0.0,0.0,0.0,0.094,0.0,0.0,0.0,0.0,0.0,0.0,0.0,0.0,0.0,0.0,0.0,0.0,0.0,0.10026667,0.0,0.25472547,0.0,0.0,0.0,0.0,0.0,0.0,0.0,0.0,0.0,0.0,0.0,0.0,0.0,0.0,0.0,0.0,0.0,0.0,0.0,0.0,0.0,0.0,0.0,0.0,0.0,0.0,0.0,0.0,0.0,0.0,0.013178151,0.0,0.0,0.0033154789,0.0030036043,0.0066919192,1.0
0.0,0.0,0.0,0.0,0.0,0.0,0.0,0.0,0.0,0.0,0.0,0.0,0.0,0.0,0.0,0.0,0.0,0.0,0.0,0.0,0.0,0.0,0.0,0.0,0.0,0.0,0.0,0.0,0.0,0.0,0.0,0.0,0.0,0.0,0.0,0.0,0.0,0.0,0.0,0.0,0.0,0.0,0.0,0.0,0.0,0.0,0.0,0.0,0.0,0.074753897,0.0,0.022445963,0.0,0.0,0.0025719473,0.00080096115,0.0013888889,1.0
0.10132159,0.032212885,0.050980392,0.0,0.0,0.056122449,0.0082530949,0.02970297,0.0,0.061606161,0.14942529,0.07549121,0.14234234,0.0,0.058956916,0.013,0.0,0.02860286,0.1872,0.0,0.059405941,0.0,0.034862385,0.0208,0.0,0.0,0.0,0.0,0.0,0.0,0.0,0.0,0.0,0.0,0.0,0.0,0.0,0.0,0.0,0.0,0.0,0.0,0.0,0.0,0.0,0.0,0.0,0.0,0.0082098062,0.0086136177,0.0,0.0085596404,0.038314176,0.0042362197,0.0026209714,0.0039046856,0.056628788,1.0
0.0,0.0,0.0,0.0,0.0,0.0,0.14305365,0.0,0.0,0.0,0.0,0.10754912,0.0,0.0,0.0,0.0,0.14565826,0.0,0.1952,0.0,0.18811881,0.0,0.0,0.0,0.0,0.0,0.0,0.0,0.0,0.0,0.0,0.0,0.0,0.0,0.0,0.0,0.0,0.0,0.0,0.0,0.0,0.0,0.0,0.0,0.0,0.0,0.0,0.0,0.01391106,0.025225595,0.0,0.018935895,0.010161586,0.0030763024,0.0021044031,0.0058069684,0.0091540404,1.0
0.0,0.041316527,0.0,0.0,0.0,0.0,0.081155433,0.0,0.0,0.032453245,0.0,0.061013444,0.0,0.0,0.0,0.0,0.0,0.12981298,0.0944,0.0,0.0,0.0,0.0,0.0,0.0,0.0,0.0,0.0,0.0,0.0,0.0,0.0,0.0,0.0,0.0,0.0,0.0,0.0,0.0,0.0,0.0,0.0,0.0,0.0,0.0,0.0,0.0,0.0,0.0,0.026353568,0.0,0.0,0.0,0.0,0.0068869723,0.0065078094,0.015656566,1.0
0.0,0.0,0.045098039,0.0,0.0,0.0,0.031636864,0.0,0.0,0.052255226,0.0,0.04860393,0.0,0.023,0.0,0.0115,0.13305322,0.0,0.12693333,0.0,0.1710171,0.0,0.0,0.0376,0.0,0.0,0.0,0.0,0.0,0.0,0.0,0.0,0.0,0.0,0.0,0.029908973,0.033381713,0.0,0.0,0.0,0.0,0.0,0.0,0.0,0.0,0.0,0.0,0.0,0.0,0.012612797,0.0,0.0060656444,0.0,0.0012103485,0.0036659101,0.02793352,0.03270202,1.0
0.0,0.0,0.0,0.0,0.0,0.10204082,0.0,0.0,0.0,0.066556656,0.0,0.0,0.0,0.0,0.0,0.03,0.0,0.0,0.064533333,0.0,0.0,0.0,0.11009174,0.0,0.0,0.0,0.0,0.0,0.0,0.0,0.0,0.0,0.0,0.0,0.0,0.0,0.0,0.0,0.0,0.0,0.0,0.0,0.0,0.0,0.0,0.0,0.0,0.0,0.047206385,0.053117309,0.10144572,0.0095449227,0.0,0.0,0.0035379029,0.0016019223,0.011994949,1.0
0.0,0.0,0.1254902,0.0,0.0,0.10884354,0.0,0.0,0.0,0.0,0.0,0.0,0.0,0.0,0.0,0.032,0.0,0.0,0.13813333,0.0,0.0,0.0,0.11743119,0.0,0.0,0.0,0.0,0.0,0.0,0.0,0.0,0.0,0.0,0.0,0.0,0.0,0.092888244,0.0,0.0,0.0,0.0,0.0,0.0,0.0,0.0,0.0,0.0,0.0,0.021436716,0.01938064,0.069590787,0.020383029,0.0,0.0,0.0082324103,0.013015619,0.018371212,1.0
0.0,0.0,0.0,0.0,0.0,0.0,0.081155433,0.0,0.0,0.0,0.0,0.12306101,0.0,0.0,0.0,0.0,0.0,0.064906491,0.25386667,0.0,0.10711071,0.0,0.0,0.0472,0.0,0.0,0.0,0.0,0.0,0.0,0.0,0.0,0.0,0.0,0.0,0.0,0.0,0.0,0.0,0.0,0.0,0.0,0.0,0.0,0.0,0.0,0.0,0.0,0.0,0.0,0.0,0.013147361,0.0,0.0,0.0081706764,0.0032038446,0.010669192,1.0
0.0,0.0,0.0,0.0,0.0,0.0,0.2173315,0.0,0.0,0.0,0.0,0.0,0.28468468,0.0,0.0,0.0,0.0,0.0,0.084266667,0.0,0.0,0.0,0.0,0.0,0.0,0.0,0.0,0.0,0.0,0.0,0.0,0.0,0.0,0.0,0.0,0.0,0.0,0.0,0.0,0.0,0.0,0.0,0.0,0.0,0.0,0.0,0.0,0.0,0.0,0.0,0.0,0.017180861,0.046476762,0.0,0.0020626419,0.0022026432,0.002209596,1.0
0.10132159,0.0,0.090196078,0.0,0.0,0.0,0.0,0.04140414,0.0,0.0,0.0,0.14270941,0.0,0.0,0.52380952,0.0,0.06442577,0.050605061,0.14773333,0.0,0.20792079,0.0,0.25321101,0.0,0.0,0.0,0.0,0.0,0.0,0.0,0.0,0.0,0.0,0.0,0.0,0.0,0.0,0.0,0.0,0.096638655,0.0,0.0,0.0,0.0,0.0,0.0,0.0,0.0,0.0,0.050246103,0.0,0.0024939959,0.13593203,0.0,0.002178847,0.0011013216,0.0063762626,1.0
0.0,0.0,0.0,0.0,0.0,0.0,0.078404402,0.0,0.0,0.031353135,0.0,0.11892451,0.1027027,0.0,0.0,0.0,0.0,0.062706271,0.2464,0.0,0.10351035,0.0,0.0,0.0456,0.0,0.0,0.0,0.0,0.0,0.0,0.0,0.0,0.0,0.0,0.0,0.0,0.0,0.0,0.0,0.0,0.0,0.0,0.0,0.0,0.0,0.0,0.0,0.0,0.0,0.0,0.0,0.015949258,0.0,0.0,0.0082768951,0.0032038446,0.010795455,1.0
0.099118943,0.0,0.0,0.0,0.068,0.076530612,0.0,0.04050405,0.0,0.01210121,0.084291188,0.0,0.28828829,0.0,0.10204082,0.0,0.12745098,0.20132013,0.0976,0.0,0.061206121,0.0,0.29357798,0.0,0.0,0.0,0.0,0.0,0.0,0.0,0.0,0.0,0.0,0.0,0.0,0.0,0.0,0.0,0.0,0.19117647,0.0,0.0,0.0,0.0,0.0,0.0,0.0,0.0,0.0,0.0037940935,0.0,0.0057577437,0.018657338,0.0,0.0019827508,0.0029034842,0.022853535,1.0
0.0,0.038515406,0.10784314,0.0,0.111,0.093537415,0.30674003,0.0,0.0,0.030253025,0.0,0.056876939,0.0,0.0,0.0,0.0,0.0,0.060506051,0.17866667,0.0,0.099909991,0.0,0.0,0.0,0.0,0.0,0.0,0.0,0.0,0.0,0.0,0.0,0.0,0.0,0.0,0.0,0.0,0.0,0.0,0.0,0.0,0.0,0.0,0.0,0.025676937,0.0,0.0,0.0,0.0,0.016304348,0.0,0.014748445,0.0,0.0039840637,0.014288697,0.014617541,0.024242424,1.0
0.0,0.0,0.064705882,0.0,0.099,0.16836735,0.045392022,0.02970297,0.0,0.0,0.0,0.034126163,0.059459459,0.0,0.0,0.0165,0.046218487,0.0,0.1056,0.0,0.2970297,0.0,0.0,0.0264,0.0,0.0,0.0,0.0,0.0,0.0,0.0,0.0,0.0,0.0,0.0,0.0,0.0,0.0,0.0,0.0,0.0,0.0,0.0,0.0,0.015406162,0.0,0.0,0.0,0.0,0.011074651,0.0,0.0,0.026986507,0.0027232841,0.0010848842,0.0049058871,0.012689394,1.0
0.0,0.0,0.19607843,0.0,0.0,0.042517007,0.0,0.02250225,0.0,0.0,0.0,0.15511892,0.045045045,0.0,0.0,0.0125,0.070028011,0.0,0.13333333,0.0,0.1350135,0.0,0.0,0.02,0.0,0.0,0.0,0.0,0.0,0.0,0.0,0.0,0.0,0.0,0.0,0.0,0.0,0.0,0.0,0.0,0.0,0.0,0.0,0.0,0.0,0.0,0.0,0.0,0.0,0.0,0.0,0.0062503849,0.033816425,0.0,0.0016940536,0.0033039648,0.0080808081,1.0
0.030837004,0.0098039216,0.056862745,0.0,0.0,0.0,0.0,0.0,0.22243346,0.015951595,0.053639847,0.059979317,0.0,0.0,0.0,0.007,0.0,0.01540154,0.12533333,0.0077007701,0.079207921,0.0,0.0,0.0352,0.0,0.0,0.0,0.0,0.0,0.0,0.0,0.0,0.0,0.0,0.0,0.0,0.0,0.034813926,0.0,0.0,0.0,0.0,0.0,0.0,0.0,0.0,0.0,0.0,0.0,0.020918786,0.0,0.0062811749,0.021156089,0.005143981,0.0017812074,0.0072086504,0.025189394,1.0
0.017621145,0.011904762,0.066666667,0.0,0.146,0.028911565,0.011004127,0.0,0.047528517,0.00440044,0.0,0.14167528,0.0,0.008,0.0,0.0255,0.011204482,0.0088008801,0.18293333,0.0,0.069306931,0.0,0.014678899,0.0136,0.0,0.0,0.0,0.0,0.0,0.0,0.0,0.0,0.0,0.0,0.0,0.0,0.0,0.0,0.0,0.0,0.0,0.0,0.0,0.0,0.0,0.0,0.0,0.0,0.0,0.0078958162,0.015682431,0.010714946,0.017158088,0.00060517424,0.0039872901,0.011814177,0.091856061,1.0
0.0,0.092436975,0.10980392,0.0,0.0,0.15986395,0.0,0.01620162,0.070342205,0.041254125,0.0,0.21406412,0.0,0.0,0.0,0.0,0.051820728,0.0,0.13066667,0.0,0.084608461,0.0,0.0,0.0144,0.0,0.0,0.0054005401,0.0,0.0,0.0,0.0,0.0,0.0,0.0,0.0,0.0,0.0,0.0,0.0,0.0,0.0,0.0,0.0,0.0,0.0,0.0,0.0,0.0,0.0,0.0082034454,0.0,0.0074204077,0.017824421,0.0,0.0014734453,0.0034040849,0.015340909,1.0
0.13876652,0.0,0.12352941,0.0,0.127,0.0,0.086657497,0.0,0.0,0.0,0.0,0.065149948,0.0,0.0,0.0,0.0315,0.088235294,0.0,0.067733333,0.0,0.22862286,0.0,0.11559633,0.0,0.0,0.0,0.0,0.0,0.0,0.0,0.0,0.0,0.0,0.0,0.0,0.0,0.0,0.0,0.0,0.0,0.0,0.0,0.0,0.0,0.0,0.0,0.0,0.0,0.022805017,0.0,0.0,0.015425827,0.049975012,0.0,0.0013236496,0.002102523,0.0073863636,1.0
0.0,0.0,0.062745098,0.0,0.065,0.11054422,0.044016506,0.02880288,0.0,0.0,0.0,0.033092037,0.057657658,0.0,0.0,0.016,0.044817927,0.0,0.1216,0.0,0.29252925,0.0,0.0,0.0256,0.0,0.0,0.0,0.0,0.0,0.0,0.0,0.0,0.0,0.0,0.0,0.0,0.0,0.0,0.0,0.0,0.0,0.0,0.0,0.0,0.014939309,0.0,0.0,0.0,0.0,0.010767022,0.0,0.0,0.026320173,0.0,0.00044847935,0.0009010813,0.0087121212,1.0
0.13215859,0.0,0.0,0.0,0.121,0.0,0.082530949,0.0,0.0,0.0,0.0,0.06204757,0.0,0.0,0.0,0.0,0.0,0.066006601,0.19466667,0.0,0.10891089,0.0,0.0,0.048,0.0,0.0,0.0,0.0,0.0,0.0,0.0,0.0,0.0,0.0,0.0,0.0,0.17561684,0.0,0.0,0.0,0.0,0.0,0.0,0.0,0.0,0.0,0.0,0.0,0.0,0.0,0.0,0.0031097974,0.050641346,0.0,0.0020127099,0.0029034842,0.0046085859,1.0
0.017621145,0.0056022409,0.14901961,0.0,0.085,0.17346939,0.034387895,0.01530153,0.1121673,0.00440044,0.0651341,0.061013444,0.030630631,0.0,0.50113379,0.0125,0.011204482,0.10231023,0.085866667,0.0093509351,0.03780378,0.0,0.1559633,0.0064,0.0,0.0,0.0,0.0,0.0,0.0,0.0,0.0,0.0,0.0,0.0,0.0,0.0,0.0,0.0,0.016806723,0.0,0.0,0.047619048,0.004,0.0037348273,0.0036281179,0.0,0.0,0.0,0.0064602133,0.0,0.012131289,0.018990505,0.00060517424,0.0058865184,0.066880256,0.088762626,1.0
0.0,0.077731092,0.21764706,0.0,0.111,0.0,0.30536451,0.0,0.0,0.0,0.0,0.0,0.0,0.0,0.0,0.1665,0.0,0.0,0.1776,0.0,0.19981998,0.0,0.0,0.0,0.0,0.0,0.0,0.0,0.0,0.0,0.0,0.0,0.0,0.0,0.0,0.0,0.0,0.0,0.0,0.0,0.0,0.0,0.0,0.0,0.0,0.0,0.0,0.0,0.0,0.0,0.0,0.0044953507,0.0,0.0,0.0009605084,0.00040048058,0.0021464646,1.0
0.0,0.0,0.0,0.0,0.0,0.0,0.0,0.0,0.0,0.0,0.0,0.0,0.0,0.0,0.0,0.0,0.0,0.0,0.2368,0.0,0.0,0.0,0.0,0.0,0.0,0.0,0.0,0.0,0.0,0.0,0.0,0.0,0.0,0.0,0.0,0.0,0.0,0.0,0.0,0.0,0.0,0.0,0.0,0.0,0.0,0.0,0.0,0.0,0.0,0.0,0.0,0.042644251,0.0,0.0,0.017249206,0.016820184,0.011300505,1.0
0.0,0.0,0.0,0.0,0.0,0.0,0.0,0.0,0.0,0.0,0.0,0.0,0.0,0.0,0.0,0.0,0.0,0.0,0.23146667,0.0,0.0,0.0,0.0,0.0,0.0,0.0,0.0,0.0,0.0,0.0,0.0,0.0,0.0,0.0,0.0,0.0,0.0,0.0,0.0,0.0,0.0,0.0,0.0,0.0,0.0,0.0,0.0,0.0,0.0,0.0,0.0,0.081008683,0.0,0.0,0.00060463005,0.00040048058,0.00088383838,1.0
0.057268722,0.050420168,0.16666667,0.0,0.0,0.032312925,0.0082530949,0.02970297,0.13688213,0.02530253,0.27586207,0.081695967,0.034234234,0.105,0.013605442,0.0295,0.026610644,0.03630363,0.18666667,0.00330033,0.13681368,0.0,0.011009174,0.0048,0.0,0.0,0.0,0.0,0.0,0.0,0.0,0.0,0.0,0.0,0.0,0.0,0.0,0.0,0.0,0.012605042,0.0,0.0,0.0,0.0,0.0028011204,0.0,0.0,0.0,0.0,0.013433142,0.0,0.0031097974,0.016824921,0.0101871,0.0030848842,0.0078093712,0.080744949,1.0
0.0,0.0,0.0,0.0,0.0,0.0,0.0,0.0,0.0,0.0,0.0,0.0,0.0,0.0,0.0,0.0,0.0,0.0,0.66666667,0.0,0.0,0.0,0.0,1.0,0.0,0.0,0.0,0.0,0.0,0.0,0.0,0.0,0.0,0.0,0.0,0.0,0.0,0.0,0.0,0.0,0.0,0.0,0.0,0.0,0.0,0.0,0.0,0.0,0.0,0.0,0.0,0.0,0.0,0.0,0.0,0.0,6.3131313e-05,1.0
0.09030837,0.0,0.11960784,0.0,0.041,0.1037415,0.0,0.073807381,0.038022814,0.0110011,0.076628352,0.14891417,0.0,0.0,0.0,0.0205,0.1442577,0.0220022,0.088,0.090759076,0.27812781,0.0,0.036697248,0.0488,0.0,0.0,0.0,0.0,0.0,0.0,0.0,0.0,0.0,0.0,0.0,0.0,0.0,0.0,0.0,0.0,0.0,0.0,0.0,0.0,0.0,0.0,0.0,0.0,0.0,0.010151764,0.0,0.052004434,0.021989005,0.0,0.0035524285,0.010112135,0.035606061,1.0
0.25991189,0.027310924,0.11568627,0.0,0.0,0.16666667,0.026134801,0.01710171,0.26235741,0.021452145,0.0,0.10134436,0.0,0.019,0.0,0.049,0.0,0.0,0.13653333,0.021452145,0.12421242,0.0,0.0,0.1104,0.0,0.0,0.0,0.0,0.0,0.0,0.0,0.0,0.0,0.0,0.0,0.0,0.0,0.0,0.0,0.0,0.0,0.0,0.0,0.0,0.0,0.0,0.0,0.0,0.0,0.023687449,0.0,0.022938605,0.051307679,0.0012607797,0.0051311847,0.0075090108,0.039835859,1.0
0.0,0.016106443,0.092156863,0.0,0.118,0.0,0.031636864,0.0,0.13307985,0.03850385,0.0,0.04860393,0.041441441,0.0,0.0,0.0115,0.098039216,0.0,0.15093333,0.0,0.17011701,0.0,0.0,0.0376,0.0,0.0,0.0,0.0,0.0,0.0,0.0,0.0,0.0,0.0,0.0,0.0,0.0,0.0,0.0,0.0,0.0,0.0,0.0,0.0,0.0,0.0,0.0,0.0,0.0,0.0,0.0,0.0022168853,0.017991004,0.0,0.0013054925,0.0019022827,0.011174242,1.0
0.037444934,0.011904762,0.13529412,0.0,0.034,0.028911565,0.0,0.077407741,0.032319392,0.037953795,0.1302682,0.14270941,0.0,0.0,0.0,0.0,0.24229692,0.03740374,0.1104,0.085258526,0.3420342,0.0,0.0,0.0272,0.0,0.0,0.0,0.0,0.0,0.0,0.0,0.0,0.0,0.0,0.0,0.0,0.0,0.0,0.0,0.035714286,0.0,0.0,0.0,0.0,0.0,0.0,0.0,0.0,0.0,0.019893355,0.0,0.052897346,0.0091620856,0.0,0.003790286,0.0062074489,0.039141414,1.0
0.27753304,0.029411765,0.24705882,0.0,0.0,0.0,0.0,0.0,0.0,0.0,0.0,0.043433299,0.0,0.0,0.0,0.021,0.0,0.092409241,0.20213333,0.0,0.11341134,0.0,0.0,0.0336,0.0,0.0,0.0,0.0,0.0,0.0,0.0,0.0,0.0,0.0,0.0,0.0,0.0,0.0,0.0,0.0,0.0,0.0,0.0,0.0,0.019607843,0.0,0.0,0.0,0.0,0.0068703856,0.0,0.014532915,0.078627353,0.0,0.0018157059,0.0018021626,0.0067550505,1.0
0.16079295,0.0,0.070588235,0.0,0.036,0.06122449,0.15130674,0.0,0.0,0.0,0.0,0.037228542,0.0,0.0,0.0,0.018,0.25770308,0.080308031,0.1376,0.0,0.099009901,0.0,0.066055046,0.088,0.0,0.0,0.0,0.0,0.0,0.0,0.0,0.0,0.0,0.0,0.0,0.0,0.0,0.0,0.0,0.0,0.0,0.0,0.0,0.0,0.0,0.0,0.0,0.0,0.0,0.019073011,0.0,0.013393682,0.010328169,0.0,0.0030966863,0.018922707,0.018876263,1.0
0.0,0.0,0.0,0.0,0.333,0.0,0.0,0.0,0.0,0.0,0.0,0.0,0.0,0.0,0.0,0.0,0.0,0.0,0.3552,0.0,0.0,0.0,0.0,0.0,0.0,0.0,0.0,0.0,0.0,0.0,0.0,0.0,0.0,0.0,0.0,0.0,0.0,0.0,0.0,0.0,0.0,0.0,0.0,0.0,0.0,0.0,0.0,0.0,0.0,0.0,0.0,0.034207771,0.0,0.0,0.00037131185,0.0009010813,0.0018939394,1.0
0.022026432,0.0070028011,0.1372549,0.0,0.06,0.034013605,0.055020633,0.0090009001,0.26806084,0.0440044,0.038314176,0.051706308,0.0,0.0,0.0,0.005,0.0,0.12211221,0.1184,0.0220022,0.17281728,0.0,0.0,0.024,0.0,0.0,0.0,0.0,0.0,0.0,0.0,0.0,0.0,0.0,0.005,0.0,0.0,0.0,0.0090009001,0.0,0.0,0.0,0.0,0.0,0.0,0.0,0.0,0.0,0.0,0.0,0.063709875,0.030512963,0.064967516,0.001613798,0.0019727644,0.0055066079,0.06584596,1.0
0.0,0.025910364,0.0,0.0,0.0,0.12585034,0.15405777,0.0,0.0,0.0,0.2835249,0.1540848,0.13333333,0.0,0.0,0.0185,0.0,0.16391639,0.23946667,0.0,0.16831683,0.0,0.0,0.0592,0.0,0.0,0.0,0.0,0.0,0.0,0.0,0.0,0.0,0.0,0.0,0.0,0.0,0.0,0.0,0.0,0.0,0.0,0.0,0.0,0.0,0.0,0.0,0.0,0.0,0.0,0.0,0.0068661863,0.037148093,0.0,0.00092691784,0.0009010813,0.0058080808,1.0
0.0,0.0,0.047058824,0.0,0.072,0.0,0.0,0.0,0.091254753,0.0,0.0,0.049638056,0.0,0.0,0.0,0.0,0.0,0.10561056,0.0512,0.0,0.064806481,0.0,0.0,0.0,0.0,0.0,0.0,0.0,0.0,0.0,0.0,0.0,0.0,0.0,0.0,0.0,0.0,0.0,0.0,0.0,0.0,0.0,0.0,0.0,0.011204482,0.0,0.0,0.0,0.0,0.0,0.0,0.010099144,0.0,0.0,0.00067181117,0.0047056468,0.0088383838,1.0
0.0,0.0,0.1745098,0.0,0.179,0.074829932,0.0,0.0,0.0,0.0,0.0,0.045501551,0.0,0.0,0.0,0.067,0.0,0.0,0.11946667,0.0,0.40324032,0.0,0.0,0.0,0.0,0.0,0.0,0.0,0.0,0.0,0.0,0.0,0.0,0.0,0.0,0.0,0.0,0.0,0.0,0.0,0.0,0.0,0.0,0.0,0.0,0.0,0.0,0.0,0.0,0.0076907301,0.018377849,0.0,0.0,0.0,0.00087880163,0.0010012014,0.0077651515,1.0
0.039647577,0.0,0.017647059,0.0,0.036,0.015306122,0.0,0.03240324,0.017110266,0.0,0.0,0.065149948,0.016216216,0.036,0.0,0.0,0.012605042,0.0,0.067733333,0.0,0.30423042,0.0,0.066055046,0.0072,0.0,0.0,0.0,0.0,0.0,0.0,0.0,0.0,0.0,0.0,0.0,0.0,0.0,0.0,0.0,0.0,0.0,0.0,0.0,0.0,0.0,0.0,0.0,0.0,0.0,0.0061525841,0.0073511394,0.0009237022,0.0024987506,0.0,0.0028978665,0.0047056468,0.035669192,1.0
0.044052863,0.028011204,0.078431373,0.0,0.0,0.068027211,0.0,0.0180018,0.27186312,0.033553355,0.0,0.020682523,0.0,0.0,0.0,0.0,0.0,0.0,0.14186667,0.0110011,0.18361836,0.0,0.0,0.0488,0.0,0.0,0.0,0.0,0.0,0.0,0.0,0.0,0.0,0.0,0.0,0.0,0.0,0.0,0.0,0.0,0.0,0.0,0.0,0.0,0.0093370682,0.0,0.0,0.0,0.006613455,0.006050041,0.10953198,0.0091754418,0.024820923,0.0014625044,0.0099500681,0.037545054,0.057323232,1.0
0.0,0.0,0.0,0.0,0.0,0.0,0.0,0.0,0.1730038,0.0,0.0,0.0,0.0,0.0,0.0,0.0,0.0,0.0,0.048533333,0.0,0.24752475,0.0,0.0,0.0,0.0,0.0,0.0,0.0,0.0,0.0,0.0,0.0,0.0,0.0,0.0,0.0,0.0,0.0,0.0,0.0,0.0,0.0,0.0,0.0,0.0,0.0,0.0,0.0,0.0,0.014458573,0.0,0.017457972,0.0,0.0,0.0017249206,0.0027032439,0.0054292929,1.0
0.0,0.0,0.0,0.0,0.0,0.0,0.0,0.0,0.0,0.0,0.0,0.0,0.0,0.0,0.0,0.2,0.0,0.0,0.0,0.0,0.0,0.0,0.0,0.0,0.0,0.0,0.0,0.0,0.0,0.0,0.0,0.0,0.0,0.0,0.0,0.0,0.0,0.0,0.0,0.0,0.0,0.0,0.0,0.0,0.0,0.0,0.0,0.0,0.0,0.0,0.0,0.07996182,0.0,0.0,0.0028624603,0.0025030036,0.0033459596,1.0
0.0,0.034313725,0.38627451,0.0,0.246,0.0,0.0,0.0,0.0,0.0,0.0,0.0,0.088288288,0.0,0.0,0.0245,0.20588235,0.053905391,0.23626667,0.0,0.04410441,0.0,0.0,0.0,0.0,0.0,0.0,0.0,0.0,0.0,0.0,0.0,0.0,0.0,0.0,0.0,0.0,0.0,0.0,0.0,0.0,0.0,0.0,0.0,0.0,0.0,0.0,0.0,0.0,0.0,0.0,0.013054991,0.0,0.0,0.010614616,0.015118142,0.020770202,1.0
0.10352423,0.021708683,0.092156863,0.0,0.005,0.022108844,0.0068775791,0.02340234,0.079847909,0.04180418,0.099616858,0.10031024,0.1027027,0.123,0.0,0.005,0.065826331,0.0,0.17226667,0.0,0.13411341,0.0,0.18165138,0.0272,0.0,0.0,0.0,0.0,0.0,0.0,0.0,0.0,0.0,0.0,0.0,0.0,0.0,0.0,0.0,0.0,0.0,0.0,0.0,0.0,0.00093370682,0.0,0.0,0.0,0.0,0.0068703856,0.0,0.010099144,0.14292854,0.0079176963,0.0044738992,0.019823789,0.19943182,1.0
0.0,0.0,0.0,0.0,0.135,0.076530612,0.0,0.0,0.0,0.0,0.0,0.0,0.081081081,0.0,0.0,0.0225,0.06302521,0.04950495,0.096,0.0,0.12151215,0.0,0.0,0.0,0.0,0.0,0.0,0.0,0.0,0.0,0.0,0.0,0.0,0.0,0.0,0.0,0.0,0.0,0.0,0.0,0.0,0.0,0.0,0.0,0.0,0.0,0.0,0.0,0.0,0.014150943,0.0,0.0042490301,0.0,0.0,0.0043658647,0.0045054065,0.0076388889,1.0
0.14757709,0.0,0.13137255,0.0,0.0,0.0,0.0,0.0,0.0,0.036853685,0.0,0.0,0.0,0.0,0.0,0.0,0.0,0.0,0.072,0.0,0.12151215,0.0,0.0,0.0,0.0,0.0,0.0,0.0,0.0,0.0,0.0,0.0,0.0,0.0,0.0,0.0,0.0,0.0,0.0,0.0,0.0,0.0,0.0,0.0,0.0,0.0,0.0,0.0,0.0,0.0,0.0,0.074296447,0.0,0.0,0.0021643214,0.0036043252,0.008270202,1.0
0.0,0.0,0.49019608,0.0,0.0,0.0,0.0,0.0,0.0,0.0,0.0,0.0,0.0,0.0,0.0,0.25,0.0,0.0,0.0,0.0,0.0,0.0,0.0,0.0,0.0,0.0,0.0,0.0,0.0,0.0,0.0,0.0,0.0,0.0,0.0,0.0,0.0,0.0,0.0,0.0,0.0,0.0,0.0,0.0,0.0,0.0,0.0,0.0,0.0,0.03107055,0.0,0.027988177,0.0,0.0,0.0016858829,0.0010012014,0.0024621212,1.0
0.099118943,0.019607843,0.082352941,0.0,0.004,0.018707483,0.0055020633,0.01890189,0.076045627,0.037953795,0.088122605,0.091003102,0.093693694,0.114,0.0,0.0115,0.056022409,0.0,0.15626667,0.0,0.12241224,0.0,0.18348624,0.0248,0.0,0.0,0.0,0.0,0.0,0.0,0.0,0.0,0.0,0.0,0.0,0.0,0.0,0.0,0.0,0.0,0.0,0.0,0.0,0.0,0.00093370682,0.0,0.0,0.0,0.0,0.0066652994,0.0,0.0097912433,0.12560386,0.0076655404,0.0039482524,0.014317181,0.19141414,1.0
0.0,0.0,0.0,0.0,0.064,0.0,0.0,0.0,0.0,0.0,0.24521073,0.066184074,0.0,0.0,0.0,0.0,0.18067227,0.0,0.0688,0.28547855,0.11611161,0.0,0.0,0.0512,0.0,0.0,0.0,0.0,0.0,0.0,0.0,0.0,0.0,0.0,0.0,0.0,0.0,0.0,0.0,0.0,0.0,0.0,0.0,0.0,0.0,0.0,0.0,0.0,0.0,0.047990156,0.0,0.0028634768,0.0,0.0,0.0015932819,0.0065078094,0.008459596,1.0
0.0,0.0,0.0,0.0,0.0,0.10714286,0.086657497,0.0,0.0,0.0,0.0,0.0,0.0,0.0,0.0,0.0,0.0,0.0,0.0,0.0,0.17191719,0.0,0.0,0.0,0.0,0.0,0.0,0.0,0.0,0.0,0.0,0.0,0.0,0.0,0.0,0.0,0.0,0.0,0.0,0.0,0.0,0.0,0.0,0.0,0.0,0.0,0.0,0.0,0.0,0.0,0.0,0.0,0.10211561,0.0,0.00022787108,0.0011013216,0.010921717,1.0
0.0,0.044817927,0.1254902,0.0,0.064,0.0,0.088033012,0.0,0.49239544,0.070957096,0.49425287,0.20062048,0.0,0.0,0.0,0.032,0.089635854,0.070407041,0.1728,0.0,0.23312331,0.0,0.0,0.0,0.0,0.0,0.0,0.0,0.0,0.0,0.0,0.0,0.0,0.0,0.0,0.0,0.0,0.0,0.0,0.0,0.0,0.0,0.0,0.0,0.0,0.0,0.0,0.0,0.0,0.0,0.0,0.0071740871,0.0,0.0,0.000123468,0.00030036043,0.0015151515,1.0
0.0969163,0.0,0.17254902,0.0,0.044,0.2244898,0.0,0.0,0.0,0.0,0.0,0.0,0.0,0.0,0.0,0.0,0.0,0.04840484,0.093866667,0.0,0.1980198,0.0,0.40366972,0.0,0.0,0.0,0.0,0.0,0.0,0.0,0.0,0.0,0.0,0.0,0.0,0.0,0.0,0.0,0.0,0.0,0.0,0.0,0.0,0.0,0.0,0.0,0.0,0.0,0.050627138,0.0,0.0,0.013670793,0.061635849,0.0,0.0012827962,0.0015018022,0.0087752525,1.0
0.0,0.0,0.0,0.0,0.032,0.10884354,0.0,0.0,0.0,0.03520352,0.0,0.033092037,0.0,0.0,0.0,0.0,0.0,0.0,0.10346667,0.0,0.0,0.0,0.0,0.0,0.0,0.0,0.0,0.0,0.0,0.16496599,0.0,0.0,0.0,0.0,0.0,0.0,0.0,0.0,0.0,0.0,0.0,0.0,0.0,0.0,0.0,0.0,0.0,0.0,0.0,0.0053322395,0.0,0.0080977893,0.017491254,0.0,0.0021951884,0.010913096,0.011805556,1.0
0.0,0.0,0.0,0.0,0.043,0.1462585,0.0,0.0,0.0,0.0,0.0,0.0,0.0,0.0,0.0,0.0,0.0,0.0,0.11573333,0.0,0.0,0.0,0.0,0.0,0.0,0.0,0.0,0.0,0.0,0.1462585,0.0,0.0,0.0,0.0,0.0,0.0,0.0,0.0,0.0,0.0,0.0,0.0,0.0,0.0,0.0,0.0,0.0,0.0,0.0,0.0069729286,0.0,0.0,0.0,0.0,0.0017458012,0.0054064878,0.0071338384,1.0
0.085903084,0.0,0.0,0.0,0.0,0.066326531,0.0,0.0,0.0,0.0,0.0,0.12306101,0.0,0.0,0.0,0.0195,0.054621849,0.0,0.12746667,0.0,0.25022502,0.0,0.21834862,0.0312,0.0,0.0,0.0,0.0,0.0,0.0,0.0,0.0,0.0,0.0,0.0,0.0,0.0,0.0,0.0,0.0,0.0,0.0,0.0,0.0,0.0,0.0,0.0,0.0,0.0,0.0,0.0,0.019705647,0.042645344,0.0,0.0022696323,0.0029034842,0.0070075758,1.0
0.022026432,0.021008403,0.078431373,0.0,0.02,0.15306122,0.027510316,0.0450045,0.15209125,0.0440044,0.076628352,0.082730093,0.0,0.0,0.36281179,0.0,0.028011204,0.1870187,0.11733333,0.0110011,0.090009001,0.0,0.018348624,0.016,0.0,0.0,0.0,0.0,0.0,0.0,0.0,0.0,0.0,0.0,0.0,0.0,0.0,0.0,0.0,0.0,0.0,0.0,0.056022409,0.0,0.0,0.0,0.0,0.0,0.0,0.017842494,0.0,0.010283884,0.028985507,0.00070603661,0.0053527009,0.066880256,0.075694444,1.0
0.0,0.0,0.0,0.0,0.0,0.0,0.0,0.0,0.0,0.0,0.0,0.0,0.0,0.0,0.0,0.0,0.0,0.0,0.3552,0.0,0.0,0.0,0.0,0.5328,0.0,0.0,0.0,0.0,0.0,0.0,0.0,0.0,0.0,0.0,0.0,0.0,0.0,0.0,0.0,0.0,0.0,0.0,0.0,0.0,0.0,0.0,0.0,0.0,0.0,0.0,0.0,0.016534269,0.0,0.0,0.0016132547,0.0011013216,0.0015151515,1.0
0.0,0.0,0.15294118,0.0,0.078,0.0,0.071526823,0.04680468,0.0,0.057205721,0.0,0.02688728,0.28108108,0.0,0.17687075,0.0,0.0,0.17161716,0.11093333,0.0,0.14041404,0.0,0.095412844,0.0,0.0,0.0,0.0,0.0,0.0,0.0,0.0,0.0,0.0,0.0,0.0,0.0,0.0,0.0,0.0,0.1092437,0.0,0.0,0.0,0.0,0.0,0.0,0.0,0.0,0.0,0.0082034454,0.0,0.013640002,0.066966517,0.0,0.0012800726,0.0018021626,0.015151515,1.0
0.18502203,0.0,0.0,0.0,0.0,0.43197279,0.0,0.0,0.0,0.0,0.0,0.086866598,0.15135135,0.0,0.0,0.0,0.0,0.0,0.13546667,0.0,0.15211521,0.0,0.0,0.0,0.0,0.0,0.0,0.0,0.0,0.0,0.0,0.0,0.0,0.0,0.0,0.0,0.0,0.0,0.0,0.0,0.0,0.0,0.0,0.0,0.0,0.0,0.0,0.0,0.0,0.046349467,0.0,0.08821356,0.050141596,0.0,0.0036650023,0.0022026432,0.0085227273,1.0
0.0,0.0,0.14901961,0.0,0.076,0.0,0.1045392,0.04590459,0.0,0.056105611,0.0,0.025853154,0.27567568,0.0,0.23129252,0.0,0.035014006,0.19691969,0.0816,0.0,0.16111611,0.0,0.13944954,0.0,0.0,0.0,0.0,0.0,0.0,0.0,0.0,0.0,0.0,0.0,0.0,0.0,0.0,0.0,0.0,0.10714286,0.0,0.0,0.0,0.0,0.0,0.0,0.0,0.0,0.0,0.0085110747,0.0,0.014101854,0.083125104,0.0,0.001320926,0.0018021626,0.015593434,1.0
0.0,0.0,0.0,0.0,0.0,0.0,0.0,0.03780378,0.0,0.02310231,0.16091954,0.0,0.0,0.0,0.0,0.0,0.0,0.0,0.1344,0.0,0.26462646,0.0,0.0,0.0336,0.0,0.0,0.0,0.0,0.0,0.0,0.0,0.0,0.0,0.0,0.0,0.0,0.0,0.0,0.0,0.0,0.0,0.0,0.0,0.0,0.039215686,0.0,0.0,0.0,0.0,0.013228056,0.0,0.0039719195,0.032317175,0.0,0.00077984567,0.0019022827,0.0074494949,1.0
0.13215859,0.0,0.070588235,0.0,0.144,0.0,0.0,0.0,0.045627376,0.072607261,0.27586207,0.26059979,0.10810811,0.0,0.0,0.03,0.033613445,0.0,0.2368,0.0,0.1620162,0.0,0.13211009,0.0768,0.0,0.0,0.0,0.0,0.0,0.0,0.0,0.0,0.0,0.0,0.0,0.0,0.0,0.0,0.0,0.0,0.0,0.0,0.0,0.0,0.0056022409,0.0,0.0,0.0,0.0,0.0042042658,0.0,0.0031405875,0.034149592,0.0,0.0023132093,0.0053063676,0.030176768,1.0
0.0,0.0,0.10392157,0.0,0.053,0.0,0.072902338,0.0,0.0,0.029152915,0.0,0.0,0.0,0.0,0.0,0.0,0.074229692,0.0,0.312,0.0,0.28712871,0.0,0.0,0.0,0.0,0.0,0.0,0.0,0.0,0.0,0.0,0.0,0.0,0.0,0.0,0.0,0.0,0.0,0.0,0.0,0.0,0.0,0.0,0.0,0.0,0.0,0.0,0.0,0.0,0.0092288761,0.0,0.011115216,0.0,0.0,0.0013045847,0.0018021626,0.0048611111,1.0
0.10792952,0.014705882,0.10980392,0.0,0.028,0.035714286,0.0,0.02520252,0.053231939,0.053905391,0.16091954,0.10134436,0.025225225,0.0,0.0,0.056,0.098039216,0.0077007701,0.11946667,0.0,0.088208821,0.0,0.012844037,0.056,0.0,0.0,0.0,0.0,0.0,0.0,0.0,0.0,0.0,0.0,0.0,0.0,0.0,0.0,0.0,0.014705882,0.0,0.0,0.0,0.0,0.0065359477,0.0,0.0,0.0,0.0,0.011074651,0.0,0.023646776,0.051974013,0.0,0.0021797549,0.0093111734,0.060921717,1.0
0.0,0.023109244,0.064705882,0.0,0.165,0.056122449,0.090784044,0.0,0.0,0.0088008801,0.061302682,0.10237849,0.0,0.0,0.0,0.041,0.046218487,0.01760176,0.14986667,0.0,0.089108911,0.0,0.089908257,0.0264,0.0,0.0,0.0,0.0,0.0,0.0,0.0,0.0,0.0088008801,0.0,0.0,0.0,0.0,0.0,0.0,0.0,0.0,0.0,0.0,0.0,0.0,0.0,0.0,0.0,0.0,0.0025635767,0.018377849,0.0077590985,0.0083291687,0.0025215593,0.0047834771,0.03494193,0.045454545,1.0
0.13876652,0.044117647,0.12352941,0.0,0.0,0.0,0.086657497,0.056705671,0.11977186,0.0,0.0,0.065149948,0.0,0.0,0.14285714,0.063,0.0,0.069306931,0.1008,0.0,0.0,0.0,0.0,0.0,0.0,0.0,0.0,0.0,0.0,0.0,0.0,0.0,0.0,0.0,0.0,0.0,0.0,0.0,0.0,0.0,0.0,0.0,0.0,0.0,0.0,0.0,0.0,0.0,0.0,0.0,0.0,0.012254449,0.0,0.0,0.001475261,0.0018021626,0.0078914141,1.0
0.0,0.0,0.0,0.0,0.0,0.0,0.0,0.0,0.0,0.0,0.0,0.0,0.0,0.0,0.0,0.0,0.0,0.0,0.0,0.0,0.0,0.0,0.0,0.0,0.0,0.0,0.0,0.0,0.0,0.0,0.0,0.0,0.0,0.0,0.0,0.0,0.0,0.0,0.0,0.0,0.0,0.0,0.0,0.0,0.063492063,0.0,0.0,0.0,0.0,0.02204676,0.0,0.0,0.035815426,0.0,0.002666364,0.0017020425,0.0039141414,1.0
0.0,0.0,0.0,0.0,0.0,0.0,0.0,0.0,0.0,0.0,0.0,0.0,0.0,0.0,0.0,0.031,0.086834734,0.0,0.066666667,0.17161716,0.28082808,0.10935673,0.0,0.0,0.0,0.0,0.0,0.0,0.0,0.0,0.0,0.0,0.0,0.0,0.0,0.0,0.0,0.0,0.0,0.0,0.0,0.0,0.0,0.0,0.0,0.0,0.0,0.0,0.0,0.0076907301,0.0,0.039565244,0.012493753,0.011397448,0.0051947345,0.010012014,0.022853535,1.0
0.16960352,0.026610644,0.15098039,0.0,0.0,0.096938776,0.0,0.051305131,0.21863118,0.063256326,0.0,0.039296794,0.068468468,0.0,0.26077098,0.0095,0.026610644,0.23322332,0.11306667,0.063256326,0.10351035,0.0,0.24770642,0.0616,0.0,0.0,0.0,0.0,0.0,0.0,0.0,0.0,0.0,0.0,0.0095,0.0,0.0,0.0,0.0,0.0,0.0,0.0,0.0,0.0,0.0,0.0,0.0,0.0,0.0061573546,0.0027686628,0.0,0.013486052,0.031817425,0.0027232841,0.012364049,0.052462956,0.058080808,1.0
0.030837004,0.020308123,0.08627451,0.0,0.088,0.049319728,0.0,0.0,0.27946768,0.080858086,0.053639847,0.1975181,0.052252252,0.0,0.13151927,0.0145,0.0,0.17821782,0.12533333,0.0077007701,0.21152115,0.0,0.13394495,0.0232,0.0,0.0,0.0,0.0,0.0,0.0,0.0,0.0,0.0,0.0,0.0,0.0,0.0,0.0,0.0,0.0,0.0,0.0,0.0,0.0,0.0,0.0,0.0,0.0,0.0,0.0023584906,0.0,0.030913234,0.035815426,0.0023702658,0.0050857921,0.021625951,0.056628788,1.0
0.0,0.0,0.0,0.0,0.0,0.10034014,0.0,0.26552655,0.0,0.0,0.0,0.061013444,0.10630631,0.0,0.13378685,0.2955,0.41316527,0.064906491,0.0944,0.0,0.10621062,0.0,0.0,0.0472,0.0,0.0,0.0,0.0,0.0,0.0,0.0,0.0,0.0,0.0,0.0,0.0,0.0,0.0,0.0,0.0,0.0,0.0,0.0,0.0,0.0,0.0,0.0,0.0,0.0,0.0,0.0,0.0090214915,0.0,0.0,0.00062641852,0.001401682,0.0058080808,1.0
0.0,0.0,0.0,0.0,0.0,0.0,0.0,0.0,0.0,0.0,0.0,0.21716649,0.0,0.0,0.0,0.0,0.0,0.0,0.112,0.0,0.094509451,0.0,0.0,0.0,0.0,0.0,0.0,0.0,0.0,0.0,0.0,0.0,0.0,0.0,0.0,0.0,0.0,0.0,0.0,0.0,0.0,0.0,0.0,0.0,0.0,0.0,0.0,0.0,0.0,0.018252666,0.0,0.0,0.0,0.0,0.00024965956,0.00060072087,0.0031565657,1.0
0.030837004,0.012605042,0.15490196,0.0,0.004,0.023809524,0.024759285,0.02520252,0.053231939,0.04620462,0.068965517,0.047569804,0.10990991,0.009,0.072562358,0.0445,0.051820728,0.050605061,0.20266667,0.00220022,0.16831683,0.0,0.08440367,0.0224,0.0,0.0,0.0,0.0,0.0,0.0,0.0,0.0,0.0,0.0,0.0,0.0,0.0,0.0,0.0,0.058823529,0.0,0.0,0.0,0.0,0.013071895,0.001814059,0.0,0.0,0.0,0.01035685,0.0,0.016072418,0.018157588,0.0031267336,0.0043204721,0.011513817,0.13011364,1.0
0.030837004,0.0,0.056862745,0.0,0.014,0.0,0.0,0.0,0.0,0.0,0.0,0.014477766,0.052252252,0.0,0.0,0.0145,0.0,0.0,0.1168,0.0,0.091809181,0.0,0.0,0.0344,0.0,0.0,0.0,0.0,0.0,0.0,0.0,0.0,0.0,0.029411765,0.0,0.0,0.0,0.0,0.0,0.0,0.0,0.0,0.0,0.0,0.013538749,0.0,0.0,0.0,0.011402509,0.039171452,0.0,0.023523616,0.0,0.0,0.0013327281,0.0027032439,0.029545455,1.0
0.0,0.0,0.42156863,0.0,0.107,0.0,0.0,0.0,0.0,0.0,0.0,0.0,0.0,0.0,0.0,0.0,0.0,0.0,0.057066667,0.0,0.096309631,0.0,0.0,0.0,0.0,0.0,0.0,0.0,0.0,0.0,0.0,0.0,0.0,0.0,0.0,0.0,0.0,0.0,0.0,0.0,0.0,0.0,0.0,0.0,0.0,0.0,0.0,0.0,0.0,0.0,0.0,0.0059116941,0.0,0.0,0.001210168,0.0018021626,0.003030303,1.0
0.04185022,0.053221289,0.037254902,0.0,0.019,0.032312925,0.026134801,0.0,0.18060837,0.02090209,0.072796935,0.058945191,0.0,0.0,0.64852608,0.0095,0.0,0.37733773,0.0912,0.0,0.18811881,0.0,0.66422018,0.0,0.0,0.0,0.0,0.0,0.0,0.0,0.0,0.0,0.0,0.0,0.0,0.0,0.0,0.0,0.0,0.079831933,0.0,0.0,0.0,0.0,0.0,0.0,0.0,0.0,0.0,0.015484003,0.074246508,0.0065274955,0.050474763,0.0,0.0092982297,0.013115739,0.046780303,1.0
0.16740088,0.0,0.074509804,0.0,0.012,0.042517007,0.0,0.01080108,0.022813688,0.0,0.0,0.025853154,0.068468468,0.0,0.0,0.019,0.0,0.02750275,0.15573333,0.0,0.26282628,0.0,0.0,0.0304,0.0,0.0,0.0,0.0,0.0,0.0,0.0,0.0,0.0,0.0,0.006,0.0,0.0,0.0,0.0,0.0,0.0,0.0,0.0,0.0,0.0,0.0,0.0,0.0,0.0,0.0022559475,0.0,0.020352238,0.014659337,0.0,0.0011402633,0.0020024029,0.020454545,1.0
0.0,0.0,0.0,0.0,0.0,0.039115646,0.0,0.0,0.0,0.0,0.0,0.047569804,0.0,0.0,0.0,0.023,0.06442577,0.02530253,0.16,0.0,0.062106211,0.0,0.0,0.0,0.0,0.0,0.0,0.0,0.0,0.0,0.0,0.0,0.012651265,0.0,0.0,0.0,0.0,0.0,0.0,0.0,0.0,0.0,0.0,0.0,0.0,0.0,0.0,0.0,0.017559863,0.0038966366,0.0,0.0,0.0,0.0019163851,0.0014525647,0.0041049259,0.011426768,1.0
0.19823789,0.0,0.0,0.0,0.09,0.0,0.0,0.0,0.0,0.0,0.0,0.18614271,0.0,0.0,0.0,0.0,0.0,0.0,0.192,0.0,0.1620162,0.0,0.0,0.0,0.043206913,0.054021609,0.0,0.0,0.0,0.0,0.0,0.0,0.0,0.0,0.0,0.0,0.0,0.0,0.0,0.0,0.0,0.06302521,0.0,0.0,0.0,0.0,0.0,0.0,0.0,0.015278917,0.0,0.0,0.0,0.0,0.0016032683,0.0011013216,0.0051767677,-1.0
0.0,0.0,0.0,0.0,0.0,0.0,0.0,0.0,0.0,0.0,0.0,0.19131334,0.0,0.0,0.0,0.0,0.0,0.0,0.0,0.0,0.0,0.0,0.0,0.0,0.0,0.0,0.0,0.0,0.12955182,0.0,0.0,0.0,0.0,0.0,0.0,0.0,0.26850508,0.0,0.0,0.0,0.0,0.25910364,0.0,0.0,0.0,0.0,0.0,0.0,0.0,0.031583265,0.0,0.0,0.0,0.0,0.00090785293,0.0010012014,0.0015782828,-1.0
0.0,0.0,0.0,0.0,0.0,0.0,0.0,0.0,0.0,0.0,0.0,0.082730093,0.0,0.0,0.0,0.0,0.0,0.0,0.042666667,0.0,0.0,0.0,0.0,0.0,0.038406145,0.0,0.0,0.0,0.0,0.0,0.0,0.0,0.0,0.0,0.04,0.10403121,0.0,0.0,0.0,0.0,0.0,0.11204482,0.0,0.08,0.0,0.0,0.0,0.0,0.0,0.011792453,0.0,0.0035408584,0.0,0.0,0.0021679528,0.0027032439,0.0076388889,-1.0
0.0,0.0,0.11372549,0.0,0.0,0.0,0.0,0.0,0.0,0.0,0.0,0.0,0.0,0.0,0.0,0.0,0.16246499,0.063806381,0.030933333,0.0,0.0,0.0,0.0,0.0,0.05568891,0.034813926,0.03480348,0.19141914,0.040616246,0.098639456,0.0464,0.12184874,0.0,0.12184874,0.029,0.075422627,0.0,0.0,0.0,0.12184874,0.0,0.0,0.0,0.0,0.027077498,0.0,0.0,0.0,0.0,0.067473339,0.0,0.0086828007,0.0,0.0,0.00084611893,0.0010012014,0.0071338384,-1.0
0.0,0.0,0.0,0.0,0.014,0.0,0.0,0.01260126,0.0,0.0,0.0,0.07549121,0.0,0.0,0.0,0.0,0.0,0.0,0.0074666667,0.0,0.0,0.0,0.0,0.0,0.11905905,0.096038415,0.0,0.0,0.0,0.023809524,0.0,0.0,0.0,0.0,0.0,0.0,0.16835994,0.0,0.02610261,0.0,0.16246499,0.0,0.0,0.0,0.0065359477,0.13922902,0.0,0.0,0.032839225,0.044401148,0.020093114,0.00061580147,0.0,0.0,0.0028261462,0.0051061274,0.041224747,-1.0
0.0,0.0,0.0,0.0,0.0,0.0,0.0,0.0,0.0,0.0,0.0,0.0,0.16036036,0.0,0.0,0.0,0.0,0.0,0.0,0.0,0.0,0.0,0.0,0.0,0.0,0.0,0.0,0.0,0.0,0.15136054,0.0,0.0,0.0,0.0,0.0,0.0,0.25834543,0.0,0.0,0.0,0.12464986,0.0,0.0,0.0,0.0,0.040362812,0.0,0.0,0.0,0.027584085,0.065915217,0.0,0.0,0.0,0.0011529732,0.0015018022,0.005239899,-1.0
0.0,0.0,0.0,0.0,0.0,0.0,0.0,0.0,0.0,0.0,0.0,0.1778697,0.0,0.0,0.0,0.0,0.0,0.0,0.18346667,0.0,0.15481548,0.0,0.0,0.0,0.0,0.1032413,0.0,0.0,0.0,0.0,0.0,0.0,0.0,0.0,0.0,0.0,0.0,0.0,0.15481548,0.0,0.0,0.0,0.0,0.0,0.0,0.0,0.0,0.0,0.0,0.0,0.0,0.0,0.0,0.0,0.0009605084,0.00040048058,0.0021464646,-1.0
0.0,0.0,0.0,0.0,0.0,0.096938776,0.0,0.0,0.0,0.0,0.0,0.17890383,0.0,0.0,0.0,0.0,0.16106443,0.0,0.0304,0.0,0.0,0.0,0.0,0.0,0.11089774,0.0,0.0,0.0,0.039915966,0.29421769,0.0,0.0,0.0,0.0,0.0,0.074122237,0.0,0.0,0.0,0.0,0.0,0.0,0.0,0.0,0.026610644,0.0,0.0,0.0,0.0,0.0088187039,0.0,0.0,0.0,0.0,0.00045392646,0.00040048058,0.0044823232,-1.0
0.055066079,0.017507003,0.0,0.0,0.025,0.0,0.034387895,0.0,0.0,0.013751375,0.095785441,0.0,0.045045045,0.0,0.0,0.0125,0.0,0.11221122,0.10933333,0.0,0.20792079,0.0,0.0,0.0,0.0,0.0,0.0,0.0,0.0,0.0,0.0,0.0,0.0,0.0,0.0,0.0,0.0,0.0,0.0,0.0,0.035014006,0.0,0.0,0.0,0.023809524,0.011337868,0.0,0.0,0.0,0.0,0.0,0.0127163,0.0,0.0083211458,0.00070812528,0.0012014417,0.0091540404,-1.0
0.0,0.0,0.0,0.0,0.0,0.0,0.0,0.0,0.0,0.02310231,0.0,0.043433299,0.0,0.0,0.0,0.0,0.0,0.0,0.18133333,0.0,0.03780378,0.0,0.0,0.0336,0.060969755,0.051020408,0.0,0.093509351,0.0,0.071428571,0.0,0.0,0.0,0.0,0.0,0.0,0.0,0.0,0.0,0.0,0.0,0.0,0.0,0.021,0.0,0.0,0.0,0.0,0.0,0.015894176,0.0,0.0,0.0,0.0,0.0014117113,0.0010012014,0.0057449495,-1.0
0.0,0.0,0.0,0.0,0.0,0.0,0.0,0.0,0.0,0.0,0.0,0.0,0.0,0.0,0.0,0.0,0.0,0.0,0.0,0.0,0.0,0.0,0.0,0.0,0.096015362,0.0,0.0,0.0,0.0,0.0,0.0,0.0,0.0,0.0,0.0,0.13003901,0.0,0.0,0.0,0.0,0.0,0.0,0.0,0.0,0.0,0.0,0.0,0.0,0.0,0.0,0.0,0.0049572018,0.0,0.0,0.00022696323,0.00020024029,0.00088383838,-1.0
0.0,0.0,0.38039216,0.0,0.0,0.0,0.0,0.0,0.0,0.053355336,0.0,0.10031024,0.0,0.0,0.0,0.0,0.0,0.0,0.10346667,0.0,0.0,0.0,0.0,0.0,0.046567451,0.058223289,0.0,0.21342134,0.0,0.16496599,0.0,0.0,0.0,0.0,0.097,0.0,0.0,0.0,0.0,0.0,0.0,0.067927171,0.0,0.0,0.0,0.0,0.0,0.0,0.0,0.038863823,0.0,0.0,0.0,0.0,0.0064684521,0.0074088907,0.012247475,-1.0
0.0,0.0,0.0,0.0,0.0,0.0,0.0,0.0,0.0,0.0,0.0,0.0,0.086486486,0.0,0.0,0.0,0.0,0.0,0.0,0.0,0.0,0.0,0.0,0.0,0.023043687,0.11584634,0.0,0.0,0.033613445,0.0,0.0,0.0,0.0,0.0,0.0,0.0,0.20899855,0.0,0.0,0.0,0.0,0.0,0.0,0.072,0.0,0.0,0.0,0.0,0.0,0.031173093,0.0,0.0,0.060802932,0.0,0.0018302315,0.0009010813,0.011742424,-1.0
0.0,0.0,0.0,0.0,0.0,0.0,0.0,0.0,0.0,0.0,0.0,0.0,0.0,0.0,0.0,0.0,0.0,0.0,0.0,0.0,0.0,0.0,0.0,0.0,0.0,0.0,0.0,0.0,0.0,0.0,0.0,0.0,0.0,0.0,0.0,0.0,0.0,0.0,0.18721872,0.0,0.0,0.0,0.0,0.0,0.097105509,0.0,0.0,0.0,0.0,0.040299426,0.0,0.0,0.0,0.0,0.00049477985,0.00050060072,0.001010101,-1.0
0.0,0.0,0.0,0.0,0.0,0.0,0.0,0.0,0.0,0.0,0.0,0.0,0.0,0.0,0.0,0.029,0.0,0.0,0.0,0.0,0.0,0.0,0.0,0.0,0.0,0.0,0.04380438,0.03190319,0.0,0.098639456,0.0,0.0,0.0,0.0,0.0,0.0,0.084179971,0.0,0.0,0.0,0.0,0.0,0.0,0.0,0.0,0.0,0.0,0.0,0.0,0.0018457752,0.0,0.0,0.0,0.0,0.22696323,0.14887865,0.095012626,-1.0
0.0,0.0,0.1745098,0.0,0.044,0.074829932,0.0,0.0,0.0,0.0,0.0,0.092037229,0.0,0.044,0.0,0.0,0.12464986,0.0,0.0,0.0,0.0,0.0,0.0,0.0,0.085933749,0.0,0.0,0.0,0.0,0.0,0.0,0.0,0.0,0.0,0.0,0.11573472,0.0,0.0,0.0,0.0,0.0,0.0,0.0,0.0,0.02054155,0.0,0.0,0.0,0.0,0.013433142,0.0,0.0,0.0,0.0,0.00055379029,0.0012014417,0.0059343434,-1.0
0.0,0.0,0.0,0.0,0.0,0.0,0.0,0.0,0.0,0.089658966,0.0,0.0,0.0,0.0,0.0,0.0,0.0,0.0,0.0,0.0,0.0,0.0,0.0,0.0,0.0,0.0,0.04890489,0.0,0.0,0.0,0.0,0.0,0.089658966,0.0,0.0,0.0,0.0,0.0,0.0,0.0,0.0,0.0,0.0,0.0,0.0,0.0,0.0,0.0,0.0,0.027891715,0.066650331,0.0,0.0,0.0,0.0028960508,0.0025030036,0.0054924242,-1.0
0.0,0.0,0.0,0.0,0.0,0.0,0.0,0.0,0.0,0.0,0.0,0.13547053,0.0,0.0,0.0,0.0,0.0,0.0,0.069866667,0.0,0.0,0.0,0.0,0.0,0.1262602,0.15786315,0.078907891,0.14411441,0.091736695,0.22278912,0.1048,0.27521008,0.0,0.27521008,0.0655,0.17035111,0.19013062,0.0,0.11791179,0.27521008,0.0,0.0,0.36694678,0.0,0.12278245,0.0,0.0,0.0,0.0,0.041735029,0.04974271,0.0,0.0,0.0,0.0010449387,0.0011013216,0.0044191919,-1.0
0.23127753,0.0,0.0,0.0,0.105,0.0,0.0,0.0,0.0,0.0,0.0,0.21716649,0.0,0.0,0.0,0.0,0.0,0.0,0.22453333,0.0,0.1890189,0.0,0.0,0.0,0.050408065,0.06302521,0.0,0.0,0.0,0.0,0.0,0.0,0.0,0.0,0.0,0.0,0.0,0.0,0.0,0.0,0.0,0.073529412,0.0,0.0,0.0,0.0,0.0,0.0,0.0,0.017534865,0.0,0.0,0.0,0.0,0.0013990014,0.0011013216,0.0037878788,-1.0
0.0,0.0,0.064705882,0.0,0.008,0.0,0.0,0.01440144,0.0,0.0,0.0,0.10341262,0.014414414,0.0,0.0,0.0,0.035014006,0.0,0.0085333333,0.0,0.0,0.0,0.0,0.0,0.12866059,0.0,0.0,0.0,0.0,0.0,0.0,0.0,0.00440044,0.0,0.0,0.010403121,0.01161103,0.0,0.0,0.0,0.0,0.017507003,0.0,0.0,0.0074696545,0.0,0.0,0.0,0.030558723,0.0091263331,0.0,0.0,0.0,0.0,0.0013000454,0.0023027633,0.03510101,-1.0
0.14757709,0.0,0.043137255,0.0,0.045,0.0,0.0,0.0,0.0,0.01210121,0.17241379,0.11582213,0.03963964,0.022,0.0,0.0,0.0,0.0,0.059733333,0.0,0.12151215,0.0,0.0,0.0,0.097455593,0.0,0.0,0.04950495,0.0,0.0,0.0176,0.0,0.0,0.0,0.0225,0.0,0.031930334,0.0,0.0,0.0,0.0,0.0,0.0,0.0,0.0,0.0,0.0,0.0,0.0,0.0073831009,0.0,0.0022168853,0.011994003,0.0018155227,0.0020354063,0.0037044453,0.021843434,-1.0
0.0,0.0,0.0,0.0,0.0,0.0,0.0,0.0,0.0,0.0,0.0,0.0,0.0,0.0,0.0,0.0,0.0,0.0,0.0,0.0,0.0,0.0,0.0,0.0,0.27412386,0.17106843,0.0,0.0,0.0,0.0,0.0,0.0,0.0,0.0,0.0,0.0,0.0,0.0,0.0,0.0,0.0,0.0,0.0,0.0,0.0,0.0,0.0,0.0,0.0,0.0,0.0,0.0,0.0,0.0,0.00022696323,0.00010012014,0.00056818182,-1.0
0.0,0.0,0.0,0.0,0.0,0.0,0.0,0.0,0.0,0.0,0.0,0.0,0.0,0.0,0.0,0.0,0.0,0.0,0.0,0.0,0.0,0.0,0.0,0.0,0.20835334,0.65186074,0.0,0.0,0.0,0.36904762,0.0,0.0,0.0,0.0,0.0,0.0,0.0,0.0,0.0,0.0,0.0,0.0,0.0,0.0,0.0,0.0,0.0,0.0,0.0,0.0,0.0,0.055360552,0.0,0.0,0.0014661825,0.0012014417,0.0020833333,-1.0
0.0,0.0,0.0,0.0,0.0,0.0,0.0,0.0,0.0,0.0,0.0,0.076525336,0.0,0.0,0.0,0.0,0.0,0.081408141,0.079466667,0.0,0.0,0.0,0.0,0.0,0.21459434,0.13385354,0.0,0.081408141,0.0,0.12585034,0.0592,0.0,0.0,0.0,0.037,0.096228869,0.0,0.0,0.0,0.0,0.0,0.0,0.0,0.0,0.0,0.0,0.0,0.0,0.0,0.010459393,0.049987748,0.0031405875,0.0,0.010287962,0.0010177031,0.0009010813,0.0054292929,-1.0
0.0022026432,0.00070028011,0.025490196,0.0,0.013,0.0017006803,0.0,0.0,0.0019011407,0.0071507151,0.011494253,0.046535677,0.0054054054,0.007,0.0,0.0055,0.074229692,0.0077007701,0.0037333333,0.0,0.00270027,0.0,0.0018348624,0.0,0.0,0.0,0.0,0.0,0.00070028011,0.0,0.0,0.0,0.086358636,0.0,0.0,0.014304291,0.12481858,0.0,0.0,0.006302521,0.0,0.0021008403,0.0084033613,0.0005,0.00046685341,0.010430839,0.0,0.015,0.0018244014,0.011382281,0.0,6.1580147e-05,0.0,0.00050431187,0.0010040853,0.0057068482,0.19103535,-1.0
0.0,0.0,0.0,0.0,0.0,0.0,0.0,0.0,0.0,0.0,0.0,0.0,0.0,0.0,0.0,0.0,0.0,0.0,0.0,0.0,0.0,0.0,0.0,0.0,0.0,0.0,0.0,0.0,0.0,0.0,0.0,0.0,0.0,0.0,0.0,0.0,0.0,0.0,0.0,0.0,0.0,0.0,0.0,0.0,0.0,0.0,0.0,0.0,0.0,0.0,0.0,0.0,0.0,0.0,0.0,0.0,0.0,-1.0
0.0,0.0,0.0,0.0,0.0,0.0,0.0,0.0,0.0,0.0,0.0,0.0,0.0,0.0,0.0,0.0,0.0,0.0,0.0,0.0,0.0,0.0,0.0,0.0,0.0,0.0,0.0,0.0,0.0,0.0,0.0,0.0,0.0,0.0,0.0,0.0,0.0,0.0,0.0,0.0,0.0,0.0,0.0,0.0,0.0,0.0,0.0,0.0,0.0,0.0,0.0,0.0,0.0,0.0,0.0008061734,0.00040048058,0.001010101,-1.0
0.0,0.0,0.021568627,0.0,0.011,0.0,0.0,0.0099009901,0.0,0.0,0.0,0.0,0.01981982,0.023,0.0,0.0,0.015406162,0.0,0.0,0.0,0.0,0.0,0.020183486,0.0,0.1656265,0.0,0.0,0.0,0.0,0.0,0.0,0.0,0.0,0.0,0.0,0.0,0.015965167,0.0,0.0,0.0,0.0,0.0,0.0,0.0,0.0,0.0,0.0,0.0,0.010718358,0.016099262,0.0,0.0,0.012993503,0.0,0.0012265093,0.0027032439,0.032007576,-1.0
0.0,0.0,0.0,0.0,0.0,0.0,0.0,0.0,0.0,0.0,0.0,0.0,0.0,0.0,0.0,0.0,0.0,0.0,0.0,0.0,0.0,0.0,0.0,0.0,0.0,0.0,0.0,0.0,0.0,0.0,0.2608,0.0,0.035753575,0.0,0.0,0.0,0.0,0.0,0.1170117,0.0,0.0,0.0,0.0,0.2285,0.0,0.0,0.0,0.0,0.0,0.0,0.0,0.0,0.0,0.03313329,0.0018529278,0.0013015619,0.013762626,-1.0
0.0,0.013305322,0.0,0.0,0.0,0.0,0.0,0.0,0.0,0.0,0.0,0.019648397,0.0,0.0,0.0,0.0,0.0,0.0,0.0,0.0,0.0,0.0,0.0,0.0,0.0091214594,0.0,0.0,0.0,0.0,0.0,0.0,0.0,0.15731573,0.0,0.0,0.049414824,0.027576197,0.0,0.0,0.0,0.0,0.0,0.0,0.0,0.0,0.0,0.087557604,0.019,0.0,0.020611157,0.0,0.0,0.0,0.0,0.001104857,0.00080096115,0.012815657,-1.0
0.44052863,0.0,0.0,0.0,0.0,0.0,0.0,0.0,0.0,0.0,0.76628352,0.20682523,0.0,0.0,0.0,0.0,0.0,0.0,0.10666667,0.0,0.72007201,0.0,0.0,0.0,0.0,0.0,0.0,0.0,0.0,0.0,0.0,0.0,0.0,0.0,0.0,0.0,0.0,0.0,0.0,0.0,0.0,0.0,0.0,0.0,0.0,0.0,0.0,0.0,0.0,0.0,0.0,0.0,0.0,0.0,0.0044375851,0.002803364,0.0032828283,-1.0
0.0,0.0,0.0,0.0,0.033,0.0,0.0,0.0,0.0,0.0,0.0,0.034126163,0.0,0.0,0.0,0.0165,0.0,0.03630363,0.0176,0.0,0.02970297,0.0,0.0,0.0,0.047527604,0.019807923,0.0,0.072607261,0.0,0.056122449,0.0,0.0,0.0,0.0,0.0165,0.0,0.0,0.0,0.0,0.0,0.0,0.0,0.0,0.0165,0.0,0.0,0.0,0.0,0.0,0.013330599,0.010536633,0.0,0.0,0.0,0.00092237857,0.0018021626,0.0078282828,-1.0
0.0,0.0,0.14509804,0.0,0.0,0.0,0.0,0.0,0.0,0.0,0.0,0.22957601,0.0,0.0,0.0,0.0,0.0,0.0,0.078933333,0.0,0.0,0.0,0.0,0.0,0.0,0.044417767,0.0,0.0,0.0,0.0,0.0,0.0,0.0,0.0,0.0,0.0,0.10740203,0.0,0.0,0.0,0.0,0.0,0.0,0.0,0.0,0.0,0.0,0.222,0.0,0.0,0.0,0.0,0.0,0.0,0.0014480254,0.0030036043,0.0076388889,-1.0
0.072687225,0.023109244,0.0,0.0,0.0,0.0,0.0,0.0,0.0,0.0,0.0,0.034126163,0.0,0.0,0.0,0.0,0.0,0.10891089,0.0176,0.0,0.059405941,0.0,0.0,0.0,0.23907825,0.0,0.0,0.0,0.0,0.0,0.0,0.0,0.0,0.0,0.0,0.0,0.047895501,0.0,0.059405941,0.0,0.0,0.0,0.0,0.0,0.0,0.0,0.0,0.0,0.069783352,0.020918786,0.0,0.0094217624,0.0,0.0,0.0041080345,0.0099118943,0.027146465,-1.0
0.0,0.0,0.0,0.0,0.0,0.0,0.0,0.0,0.0,0.0,0.0,0.0,0.0,0.0,0.0,0.0,0.0,0.0,0.035733333,0.0,0.12151215,0.0,0.0,0.0,0.032165146,0.0,0.0,0.0,0.0,0.0,0.0,0.0,0.0,0.0,0.0,0.0,0.0,0.0,0.0,0.0,0.0,0.0,0.0,0.0,0.0,0.0,0.0,0.0,0.0,0.0089212469,0.0,0.0,0.014492754,0.0043875132,0.002932365,0.0023027633,0.0068813131,-1.0
0.0,0.0,0.0,0.0,0.0,0.0,0.0,0.0,0.0,0.0,0.0,0.114788,0.0,0.0,0.0,0.0,0.0,0.0,0.0,0.0,0.0,0.0,0.0,0.0,0.053288526,0.066626651,0.0,0.0,0.0,0.0,0.0,0.0,0.0,0.0,0.0,0.0,0.0,0.0,0.0,0.0,0.0,0.0,0.0,0.0,0.0,0.0,0.0,0.0,0.0,0.018765381,0.0,0.0,0.0,0.0,0.00072628234,0.00030036043,0.002209596,-1.0
0.0,0.0,0.0,0.0,0.143,0.0,0.0,0.0,0.0,0.0,0.0,0.0,0.0,0.0,0.0,0.0,0.0,0.0,0.076266667,0.0,0.0,0.0,0.0,0.0,0.0,0.0,0.0,0.0,0.0,0.0,0.0,0.0,0.039053905,0.0,0.0,0.0,0.0,0.0,0.0,0.0,0.0,0.15056022,0.0,0.0,0.0,0.0,0.0,0.0,0.0,0.014150943,0.0,0.0,0.0,0.0,0.00078347708,0.00040048058,0.0025252525,-1.0
0.0,0.0,0.28627451,0.0,0.0,0.0,0.0,0.0,0.0,0.0,0.0,0.0,0.0,0.0,0.0,0.0,0.0,0.0,0.0,0.0,0.0,0.0,0.0,0.0,0.16370619,0.058223289,0.01440144,0.052805281,0.0,0.0,0.0,0.0,0.0,0.0,0.024,0.0,0.069666183,0.0,0.0,0.0,0.0,0.0,0.13445378,0.0,0.045284781,0.0,0.0,0.0,0.10741163,0.056398687,0.0,0.0024016257,0.0,0.0,0.0014089877,0.0015018022,0.010732323,-1.0
0.0,0.0,0.0,0.0,0.0,0.0,0.0,0.0,0.0,0.031353135,0.0,0.0,0.0,0.0,0.0,0.0285,0.0,0.0,0.15306667,0.0,0.36183618,0.0,0.0,0.0,0.0,0.0,0.0,0.0,0.0,0.0,0.0,0.0,0.0,0.0,0.0,0.0,0.0,0.0,0.0,0.0,0.0,0.0,0.0,0.0,0.053221289,0.0,0.0,0.0,0.0,0.086136177,0.0,0.0,0.0,0.0038327702,0.0023449841,0.0030036043,0.0080808081,-1.0
0.0,0.0,0.0,0.0,0.0,0.0,0.0,0.0,0.0,0.0,0.0,0.0,0.4,0.0,0.0,0.0,0.0,0.0,0.2368,0.0,0.0,0.0,0.0,0.0,0.0,0.0,0.26642664,0.0,0.0,0.0,0.0,0.0,0.0,0.0,0.0,0.0,0.3222061,0.0,0.0,0.0,0.0,0.0,0.0,0.0,0.10364146,0.0,0.0,0.0,0.0,0.0,0.0,0.0,0.0,0.0,0.00027235588,0.00040048058,0.0015782828,-1.0
0.0,0.0,0.0,0.0,0.0,0.0,0.0,0.0,0.0,0.077007701,0.0,0.0,0.0,0.0,0.31746032,0.0,0.0,0.0,0.0,0.0,0.0,0.0,0.0,0.0,0.067210754,0.084033613,0.0,0.0,0.0,0.0,0.0,0.0,0.0,0.0,0.0,0.0,0.20319303,0.0,0.0,0.0,0.0,0.0,0.39215686,0.0,0.0,0.0,0.0,0.0,0.0,0.021021329,0.050232786,0.0,0.0,0.0,0.0032074444,0.0020024029,0.004229798,-1.0
0.0,0.0,0.0,0.0,0.0,0.0,0.0,0.0,0.0,0.0,0.0,0.0,0.0,0.0,0.0,0.0,0.0,0.0,0.1776,0.0,0.59945995,0.0,0.0,0.0,0.0,0.0,0.0,0.0,0.0,0.0,0.0,0.0,0.0,0.0,0.0,0.0,0.0,0.0,0.0,0.0,0.0,0.0,0.0,0.0,0.0,0.0,0.0,0.0,0.0,0.0,0.0,0.0,0.0,0.0,0.00027235588,0.00020024029,0.00075757576,-1.0
0.0,0.0,0.0,0.0,0.0,0.0,0.0,0.0,0.0,0.0,0.0,0.0,0.0,0.0,0.0,0.0,0.0,0.0,0.0,0.0,0.0,0.0,0.0,0.0,0.0,0.0,0.49984998,0.0,0.0,0.0,0.0,0.0,0.0,0.0,0.0,0.0,0.0,0.0,0.0,0.0,0.0,0.0,0.0,0.0,0.0,0.0,0.0,0.0,0.0,0.0,0.0,0.0,0.0,0.0,0.00060463005,0.00020024029,0.00025252525,-1.0
0.0,0.0,0.0,0.0,0.0,0.11054422,0.0,0.058505851,0.0,0.035753575,0.0,0.20372285,0.0,0.0,0.0,0.0,0.0,0.0,0.0,0.0,0.0,0.0,0.0,0.0,0.0,0.0,0.01950195,0.0,0.0,0.0,0.0,0.0,0.0,0.0,0.0,0.0,0.0,0.0,0.0,0.0,0.0,0.0,0.0,0.0,0.030345472,0.0,0.0,0.0,0.024629418,0.011074651,0.0,0.0,0.017991004,0.0,0.00083885611,0.00080096115,0.0063762626,-1.0
0.0,0.0,0.0,0.0,0.0,0.0,0.0,0.0450045,0.0,0.0,0.0,0.10341262,0.09009009,0.0,0.0,0.0,0.0,0.0,0.08,0.0,0.0,0.0,0.0,0.0,0.048007681,0.030012005,0.0,0.0,0.035014006,0.085034014,0.0,0.0,0.0,0.0,0.0,0.0,0.0,0.0,0.0,0.0,0.0,0.0,0.0,0.025,0.0,0.0,0.0,0.25,0.0,0.0076907301,0.0,0.0023092555,0.0,0.0,0.00043849296,0.00050060072,0.0055555556,-1.0
0.0,0.0,0.26078431,0.0,0.0,0.0,0.0,0.0,0.12547529,0.0,0.0,0.0,0.0,0.0,0.0,0.0,0.0,0.0,0.0,0.0,0.11971197,0.0,0.0,0.0,0.096015362,0.079831933,0.060006001,0.072607261,0.046218487,0.1122449,0.0528,0.13865546,0.0,0.13865546,0.033,0.085825748,0.0,0.0,0.059405941,0.13865546,0.0,0.0,0.18487395,0.0,0.030812325,0.0,0.0,0.0,0.068415051,0.020508614,0.024503798,0.0,0.0,0.0,0.00088878802,0.0011013216,0.0060606061,-1.0
0.052863436,0.0,0.023529412,0.0,0.0,0.0,0.0,0.03240324,0.0,0.0066006601,0.0,0.11271975,0.021621622,0.0,0.0,0.0,0.084033613,0.0,0.0,0.0,0.0,0.0,0.022018349,0.0096,0.17426788,0.0,0.0,0.0,0.0,0.0,0.0,0.0,0.0,0.0,0.0,0.015604681,0.017416546,0.0,0.0,0.0,0.0,0.0,0.0,0.0,0.0,0.0,0.0,0.0,0.0036488027,0.0051271534,0.0,0.0,0.002665334,0.0,0.0011883795,0.0024028835,0.026767677,-1.0
0.0,0.0,0.0,0.0,0.0,0.0,0.0,0.0,0.0,0.0,0.0,0.0,0.0,0.0,0.0,0.0,0.0,0.0,0.0,0.0,0.0,0.0,0.0,0.0,0.0,0.0,0.0,0.0,0.0,0.70748299,0.0,0.0,0.22882288,0.0,0.0,0.0,0.0,0.0,0.0,0.0,0.0,0.0,0.0,0.0,0.19421102,0.0,0.0,0.0,0.0,0.07219032,0.0,0.0,0.0,0.0,0.00038856105,0.00030036043,0.00056818182,-1.0
0.0,0.0,0.0,0.0,0.0,0.0,0.0,0.0,0.0,0.0,0.0,0.0,0.0,0.0,0.0,0.0,0.0,0.0,0.0,0.0,0.0,0.0,0.0,0.0,0.0,0.0,0.0,0.0,0.0,0.0,0.0,0.0,0.0,0.0,0.0,0.0,0.0,0.0,0.0,0.0,0.0,0.0,0.0,0.0,0.0,0.0,0.0,0.0,0.0,0.056911403,0.0,0.0,0.0,0.0,0.00058738084,0.00030036043,0.0017045455,-1.0
0.0,0.0,0.0,0.0,0.119,0.0,0.0,0.0,0.0,0.0,0.0,0.12306101,0.0,0.0,0.0,0.0,0.0,0.0,0.0,0.0,0.0,0.0,0.0,0.0,0.17138742,0.21428571,0.0,0.0,0.25,0.0,0.0,0.0,0.0,0.0,0.0,0.0,0.17271408,0.0,0.0,0.0,0.0,0.25,0.0,0.0,0.055555556,0.0,0.0,0.0,0.0,0.0,0.0,0.0,0.0,0.0,0.0006654562,0.0013015619,0.003219697,-1.0
0.011013216,0.0,0.029411765,0.0,0.01,0.0,0.0,0.0,0.098859316,0.0,0.0,0.015511892,0.0,0.0,0.0,0.0,0.014005602,0.0,0.0112,0.0,0.0090009001,0.0,0.0,0.0,0.02256361,0.031212485,0.00150015,0.0,0.0,0.0,0.0,0.0,0.0082508251,0.0,0.0,0.0065019506,0.052249637,0.0,0.0,0.0,0.0,0.0,0.0,0.005,0.0,0.0,0.0,0.005,0.037400228,0.017534865,0.016662583,0.0,0.0021655839,0.0,0.0023522469,0.0034040849,0.083838384,-1.0
0.0,1.0,0.0,0.0,0.0,0.0,0.0,0.0,0.0,0.0,0.0,0.0,0.0,0.0,0.0,0.0,0.0,0.0,0.0,0.0,0.0,0.0,0.0,0.0,0.0,0.0,0.0,0.0,0.0,0.0,0.0,0.0,0.0,0.0,0.0,0.0,0.0,0.0,0.0,0.0,0.0,0.0,0.0,0.0,0.0,0.0,0.0,0.0,0.0,0.0,0.0,0.0,0.0,0.0,0.00072628234,0.00040048058,0.00050505051,-1.0
0.0,0.0,0.0,0.0,0.0,0.0,0.0,0.0,0.0,0.0,0.0,0.0,0.0,0.0,0.0,0.0,0.0,0.0,0.28053333,0.0,0.0,0.0,0.0,0.0,0.0,0.0,0.0,0.0,0.0,0.0,0.0,0.0,0.0,0.0,0.0,0.0,0.0,0.0,0.0,0.0,0.0,0.0,0.0,0.0,0.49112979,0.0,0.0,0.0,0.0,0.081316653,0.0,0.0,0.0,0.0,0.00022696323,0.00010012014,0.00025252525,-1.0
0.0,0.0,0.0,0.0,0.0,0.0,0.0,0.0,0.0,0.0,0.0,0.0,0.0,0.0,0.0,0.0,0.0,0.0,0.0,0.0,0.0,0.0,0.0,0.0,0.0,0.0,0.0,0.0,0.0,0.0,0.0,0.0,0.0,0.0,0.0,0.0,0.0,0.0,0.0,0.0,0.0,0.0,0.0,0.0,0.0,0.0,0.0,0.0,0.0,0.0,0.0,0.0,0.0,0.0,0.00090785293,0.00040048058,0.00044191919,-1.0
0.0,1.0,0.0,0.0,0.0,0.0,0.0,0.0,0.0,0.0,0.0,0.0,0.0,0.0,0.0,0.0,0.0,0.0,0.0,0.0,0.0,0.0,0.0,0.0,0.0,0.0,0.0,0.0,0.0,0.0,0.0,0.0,0.0,0.0,0.0,0.0,0.0,0.0,0.0,0.0,0.0,0.0,0.0,0.0,0.0,0.0,0.0,0.0,0.0,0.0,0.0,0.0,0.0,0.0,0.00072628234,0.00040048058,0.00050505051,-1.0
0.0,0.0,0.0,0.0,0.0,0.0,0.0,0.0,0.0,0.0,0.0,0.0,0.0,0.0,0.0,0.0,0.0,0.0,0.0,0.0,0.087308731,0.0,0.0,0.0,0.046567451,0.058223289,0.02910291,0.21342134,0.0,0.16496599,0.0,0.0,0.0,0.0,0.0485,0.0,0.0,0.0,0.0,0.0,0.0,0.0,0.0,0.0,0.0,0.0,0.0,0.0,0.0,0.026763741,0.0,0.0,0.0,0.0,0.00093508852,0.0010012014,0.0041666667,-1.0
0.0,0.0,0.0,0.0,0.0,0.0,0.24484182,0.0,0.0,0.0,0.0,0.18407446,0.0,0.0,0.0,0.0,0.0,0.0,0.1904,0.0,0.0,0.0,0.0,0.0,0.0,0.0,0.0,0.0,0.0,0.30272109,0.0,0.0,0.0,0.0,0.0,0.23146944,0.0,0.0,0.0,0.0,0.0,0.0,0.0,0.0,0.0,0.0,0.0,0.0,0.0,0.0,0.0,0.018042983,0.0,0.0,0.00027871085,0.00030036043,0.001010101,-1.0
0.0,0.0,0.0,0.0,0.0,0.0,0.0,0.0,0.0,0.0,0.0,0.033092037,0.0,0.0,0.0,0.0,0.0,0.0,0.051733333,0.0,0.087308731,0.0,0.0,0.0,0.061929909,0.038415366,0.058205821,0.070407041,0.044817927,0.10884354,0.0512,0.13445378,0.0,0.13445378,0.032,0.083224967,0.14078374,0.0,0.057605761,0.13445378,0.31652661,0.0,0.17927171,0.0,0.014939309,0.087981859,0.0,0.0,0.011630559,0.026148482,0.024993874,0.0,0.0,0.0,0.0010867,0.001401682,0.0097853535,-1.0
0.0,0.0,0.0,0.0,0.0,0.0,0.0,0.0,0.0,0.0,0.0,0.0,0.0,0.0,0.0,0.0,0.0,0.0,0.0,0.0,0.0,0.0,0.0,0.0,0.0,0.0,0.0,0.0,0.0,0.0,0.0,0.0,0.0,0.0,0.0,0.0,0.0,0.0,0.0,0.87394958,0.0,0.0,0.0,0.0,0.0,0.0,0.0,0.0,0.0,0.0,0.0,0.0,0.0,0.030359574,0.0033590558,0.0022026432,0.0029040404,-1.0
0.011013216,0.0,0.060784314,0.0,0.0,0.0085034014,0.0,0.00450045,0.089353612,0.0,0.0,0.015511892,0.0,0.0,0.0,0.0,0.036414566,0.0055005501,0.0112,0.0,0.01350135,0.0,0.0,0.0,0.037926068,0.051020408,0.00150015,0.0,0.0,0.0,0.0,0.0,0.025852585,0.0,0.0,0.0,0.1233672,0.0,0.0,0.0,0.0,0.0,0.0,0.0,0.0,0.0,0.0,0.0,0.025541619,0.0207137,0.016417545,0.0,0.0023321672,0.0,0.0019219246,0.0051061274,0.08219697,-1.0
0.0,0.0,0.0,0.0,0.0,0.0,0.0,0.0,0.0,0.0,0.0,0.0,0.0,0.0,0.0,0.0,0.0,0.0,0.0,0.0,0.0,0.0,0.0,0.0,0.0,0.0,0.0,0.0,0.0,0.0,0.0,0.0,0.0,0.0,0.0,0.0,0.0,0.0,0.0,0.0,0.0,0.0,0.0,0.0,0.0,0.0,0.0,0.0,0.0,0.0,0.0,0.0,0.0,0.0,0.0,0.0,0.00012626263,-1.0
0.0,0.0,0.0,0.0,0.0,0.0,0.0,0.12241224,0.0,0.0,0.0,0.0,0.0,0.0,0.0,0.0,0.0,0.0,0.0,0.0,0.0,0.0,0.0,0.0,0.13106097,0.16386555,0.04080408,0.0,0.0,0.0,0.0,0.0,0.0,0.0,0.068,0.0,0.0,0.0,0.0,0.0,0.0,0.0,0.0,0.0,0.0,0.0,0.0,0.0,0.0,0.0,0.0,0.0,0.0,0.0,0.00049114843,0.00060072087,0.0022727273,-1.0
0.0,0.0,0.015686275,0.0,0.0,0.027210884,0.0,0.0072007201,0.015209125,0.0,0.030651341,0.095139607,0.014414414,0.008,0.0,0.0,0.022408964,0.0,0.0,0.0,0.0,0.0,0.0,0.0,0.16946711,0.0,0.0,0.0,0.0,0.0,0.0,0.0,0.013751375,0.0,0.0,0.0,0.01161103,0.0,0.0,0.0,0.0,0.0,0.0,0.008,0.0,0.0,0.0,0.0,0.015735462,0.010561936,0.0,0.0,0.0018324171,0.0,0.0013073082,0.0017020425,0.037689394,-1.0
0.0,0.0,0.0,0.0,0.0,0.0,0.0,0.0,0.0,0.0,0.0,0.0,0.0,0.0,0.0,0.0,0.0,0.0,0.0,0.0,0.0,0.0,0.0,0.0,0.083053289,0.051620648,0.10411041,0.094609461,0.06022409,0.1462585,0.0688,0.18067227,0.0,0.18067227,0.043,0.11183355,0.25108853,0.0,0.15571557,0.18067227,0.0,0.0,0.48459384,0.0,0.08076564,0.0,0.0,0.0,0.0,0.029634947,0.0,0.0,0.0,0.0,0.00088788016,0.0011013216,0.0056818182,-1.0
0.0,0.0,0.0,0.0,0.0,0.0,0.0,0.0,0.0,0.0,0.0,0.0,0.0,0.0,0.0,0.0,0.0,0.0,0.0,0.0,0.0,0.0,0.0,0.0,0.0,0.0,0.12481248,0.0,0.0,0.0,0.0,0.0,0.0,0.0,0.0,0.0,0.0,0.0,0.0,0.0,0.0,0.0,0.0,0.0,0.0,0.0,0.0,0.0,0.0,0.0,0.0,0.0,0.0,0.0,0.0,0.0,0.00037878788,-1.0
0.0,0.0,0.0,0.0,0.0,0.0,0.0,0.0,0.0,0.0,0.0,0.0,0.0,0.0,0.0,0.0,0.0,0.0,0.0,0.0,0.0,0.0,0.0,0.0,0.0,0.0,0.081008101,0.0,0.0,0.0,0.0,0.0,0.0,0.0,0.0,0.0,0.0,0.0,0.0,0.0,0.0,0.0,0.0,0.0,0.0,0.0,0.0,0.0,0.0,0.044196062,0.0,0.0,0.0,0.0,0.0015733091,0.00060072087,0.0025252525,-1.0
0.0,0.0,0.0,0.0,0.0,0.0,0.0,0.0,0.0,0.0,0.0,0.093071355,0.0,0.0,0.0,0.0,0.0,0.099009901,0.048,0.0,0.0,0.0,0.0,0.0,0.043206913,0.054021609,0.0,0.0,0.06302521,0.0,0.072,0.0,0.04950495,0.0,0.0,0.11703511,0.0,0.0,0.0,0.0,0.0,0.06302521,0.0,0.0,0.0,0.0,0.0,0.0,0.0,0.048297785,0.0,0.0,0.0,0.0,0.00038492964,0.00070084101,0.0029040404,-1.0
0.0,0.0,0.0,0.0,0.0,0.0,0.0,0.0,0.0,0.0,0.0,0.3753878,0.0,0.0,0.0,0.0,0.0,0.0,0.0,0.0,0.0,0.0,0.0,0.0,0.043206913,0.21788715,0.0,0.0,0.0,0.0,0.0,0.0,0.0,0.0,0.0,0.0,0.26269956,0.0,0.0,0.0,0.0,0.0,0.0,0.0,0.0,0.0,0.0,0.0,0.0,0.0,0.0,0.0047108812,0.0,0.0,0.00084702678,0.00060072087,0.0035984848,-1.0
0.024229075,0.0077030812,0.066666667,0.0,0.011,0.0,0.0,0.0,0.19391635,0.0,0.0,0.046535677,0.0,0.0,0.0,0.0055,0.0,0.0,0.024,0.0,0.01980198,0.0,0.0,0.0,0.026884301,0.040816327,0.00330033,0.0,0.0,0.0,0.0,0.0,0.01870187,0.0,0.0,0.0,0.031930334,0.0,0.0,0.023109244,0.0,0.0077030812,0.0,0.0,0.0,0.0,0.0,0.0,0.023489168,0.018150123,0.0071061014,0.0,0.0048309179,0.0,0.0029922833,0.0080096115,0.041161616,-1.0
0.0,0.0,0.11372549,0.0,0.116,0.0,0.0,0.0,0.0,0.0,0.0,0.0,0.0,0.0,0.0,0.0,0.081232493,0.0,0.12426667,0.0,0.0,0.0,0.0,0.0,0.1118579,0.0,0.01740174,0.0,0.0,0.0,0.0,0.0,0.03190319,0.0,0.0,0.0,0.0,0.0,0.0,0.0,0.0,0.0,0.0,0.029,0.027077498,0.0,0.0,0.0,0.0,0.020816243,0.0,0.01253156,0.067799434,0.0,0.0020826146,0.0016019223,0.0070075758,-1.0
0.0,0.0,0.0,0.0,0.0,0.0,0.0,0.0,0.0,0.0,0.0,0.24612203,0.0,0.0,0.0,0.0,0.0,0.0,0.12693333,0.0,0.0,0.0,0.0,0.0,0.0,0.0,0.071407141,0.0,0.0,0.0,0.0,0.0,0.0,0.0,0.0,0.0,0.0,0.0,0.0,0.0,0.0,0.0,0.0,0.0,0.11111111,0.0,0.0,0.0,0.0,0.0,0.0,0.0,0.0,0.0,0.00060463005,0.00080096115,0.0015151515,-1.0
0.0,0.0,0.0,0.0,0.0,0.0,0.0,0.0,0.0,0.0,0.0,0.0,0.0,0.0,0.0,0.0,0.0,0.0,0.0,0.0,0.0,0.0,0.0,0.0,0.0,0.0,0.0,0.0,0.0,0.0,0.0,0.0,0.29317932,0.0,0.0,0.027308192,0.0,0.0,0.0,0.0,0.0,0.0,0.0,0.0,0.0,0.0,0.0,0.0,0.0068415051,0.0061525841,0.0,0.0,0.0,0.0,0.0013445302,0.0075090108,0.012626263,-1.0
0.0,0.0,0.0,0.0,0.0,0.0,0.0,0.0,0.0,0.0,0.0,0.0,0.0,0.0,0.0,0.0,0.0,0.0,0.0,0.0,0.0,0.0,0.0,0.0,0.020163226,0.025210084,0.02550255,0.0,0.0,0.0,0.0,0.44957983,0.0,0.44957983,0.0,0.0,0.0,0.0,0.0,0.0,0.0,0.0,0.0,0.0,0.03968254,0.0,0.0,0.0,0.075712657,0.07485644,0.0,0.0,0.0,0.0,0.0036314117,0.0013015619,0.016982323,-1.0
0.0,0.0,0.0,0.0,0.0,0.051020408,0.0,0.0,0.0,0.0,0.11494253,0.25025853,0.0,0.0,0.0,0.015,0.0,0.099009901,0.1936,0.0,0.054005401,0.0,0.0,0.0,0.0,0.0,0.0,0.0,0.0,0.0,0.0,0.0,0.0,0.0,0.0,0.0,0.0,0.0,0.0,0.0,0.0,0.0,0.0,0.0,0.0,0.0,0.0,0.0,0.0,0.0,0.0,0.0026787364,0.0,0.0,0.0015796641,0.0063075691,0.009280303,-1.0
0.0,0.0,0.0,0.0,0.0,0.0,0.0,0.0,0.0,0.0,0.0,0.0,0.0,0.0,0.0,0.0,0.0,0.0,0.0,0.0,0.0,0.0,0.0,0.0,0.0,0.0,0.0,0.0,0.2254902,0.0,0.0,0.0,0.0,0.0,0.0,0.0,0.0,0.0,0.0,0.0,0.0,0.0,0.0,0.0,0.1503268,0.0,0.0,0.0,0.0,0.0,0.0,0.0,0.0,0.0,0.00019428053,0.00030036043,0.001010101,-1.0
0.0,0.0,0.0,0.0,0.0,0.0,0.0,0.0,0.0,0.0,0.0,0.0,0.0,0.0,0.0,0.0,0.0,0.0,0.0,0.0,0.0,0.0,0.0,0.0,0.0,0.0,0.0,0.0,0.0,0.0,0.0,0.0,0.0,0.0,0.0,0.0,0.0,0.0,0.0,0.0,0.0,0.0,0.0,0.0,0.0,0.0,0.0,0.0,0.0,0.0,0.0,0.0,0.0,0.0,0.00045392646,0.00020024029,0.00031565657,-1.0
0.0,0.0,0.0,0.0,0.0,0.0,0.0,0.0,0.0,0.0,0.0,0.0,0.0,0.0,0.0,0.0,0.0,0.0,0.0,0.0,0.0,0.0,0.0,0.0,0.0,0.0,0.60006001,0.0,0.0,0.0,0.0,0.0,0.0,0.0,0.0,0.0,0.0,0.0,0.0,0.0,0.0,0.0,0.0,0.0,0.0,0.0,0.0,0.0,0.0,0.0,0.0,0.0,0.0,0.0,0.0,0.0,0.00025252525,-1.0
0.0,0.0,0.0,0.0,0.0,0.0,0.0,0.0,0.0,0.0,0.0,0.014477766,0.0,0.0,0.0,0.0,0.0,0.0,0.0,0.0,0.01260126,0.0,0.0,0.0,0.24771964,0.0,0.0,0.0,0.0098039216,0.074829932,0.0,0.0,0.0077007701,0.0,0.0,0.0,0.21335269,0.0,0.053105311,0.0,0.0,0.0,0.0,0.0,0.013538749,0.0,0.0,0.0,0.042417332,0.055168171,0.03038471,0.0,0.0,0.0,0.003135724,0.0054064878,0.058712121,-1.0
0.0,0.0,0.0,0.0,0.0,0.0,0.0,0.0,0.0,0.0,0.0,0.0,0.0,0.0,0.0,0.0,0.0,0.0,0.59253333,0.0,0.0,0.0,0.0,0.0,0.0,0.0,0.0,0.0,0.0,0.0,0.0,0.0,0.0,0.0,0.0,0.0,0.0,0.0,0.0,0.0,0.0,0.0,0.0,0.0,0.0,0.0,0.0,0.0,0.0,0.0,0.0,0.0,0.0,0.0,0.00022696323,0.00010012014,0.00025252525,-1.0
0.0,0.0,0.0,0.0,0.068,0.0,0.0,0.0,0.0,0.0,0.0,0.0,0.0,0.0,0.0,0.0,0.0,0.0,0.0,0.0,0.0,0.0,0.0,0.0,0.0,0.020408163,0.0,0.0,0.0,0.0,0.0,0.0,0.075357536,0.0,0.0,0.0,0.0,0.0,0.0,0.0,0.0,0.0,0.0,0.0,0.015873016,0.0,0.0,0.0,0.0,0.014663659,0.0,0.0,0.0,0.0,0.0007117567,0.0017020425,0.0088383838,-1.0
0.0,0.0,0.0,0.0,0.0,0.0,0.0,0.0,0.0,0.0,0.0,0.0,0.0,0.0,0.0,0.0,0.0,0.0,0.0,0.0,0.0,0.0,0.0,0.0,0.0,0.0,0.30003,0.0,0.0,0.0,0.0,0.0,0.0,0.0,0.0,0.0,0.0,0.0,0.0,0.0,0.0,0.0,0.0,0.0,0.0,0.0,0.0,0.0,0.0,0.0,0.0,0.0,0.0,0.0,0.0013617794,0.00080096115,0.00088383838,-1.0
0.0,0.0,0.0,0.0,0.0,0.0,0.0,0.058505851,0.0,0.071507151,0.0,0.0,0.0,0.0,0.0,0.0,0.0,0.03520352,0.017066667,0.0,0.058505851,0.0,0.0,0.0,0.23523764,0.2545018,0.0096009601,0.0,0.0,0.11054422,0.0,0.0,0.0,0.0,0.0,0.0,0.23657475,0.0,0.0,0.0,0.1372549,0.0,0.0,0.0,0.030345472,0.0,0.0,0.0,0.034891676,0.057629204,0.024993874,0.0,0.0,0.0,0.0041352701,0.0041049259,0.031502525,-1.0
0.0,0.0,0.0,0.0,0.0,0.0,0.0,0.0,0.0,0.0,0.0,0.0,0.0,0.263,0.0,0.0,0.0,0.0,0.0,0.0,0.0,0.0,0.0,0.0,0.0,0.0,0.0,0.0,0.0,0.0,0.0,0.0,0.0,0.0,0.0,0.0,0.0,0.0,0.0,0.0,0.0,0.0,0.0,0.0,0.0,0.0,0.0,0.0,0.0,0.0,0.0,0.0,0.0,0.0,0.00072628234,0.00060072087,0.0010732323,-1.0
0.0,0.0,0.0,0.0,0.0,0.0,0.0,0.0,0.0,0.0,0.0,0.0,0.0,0.0,0.0,0.0,0.0,0.0,0.0704,0.0,0.0,0.0,0.0,0.0,0.095055209,0.23829532,0.0,0.0,0.0,0.1122449,0.0,0.0,0.0,0.0,0.0,0.085825748,0.0,0.0,0.0,0.0,0.0,0.0,0.0,0.0,0.0,0.0,0.0,0.0,0.0,0.0,0.0,0.0031405875,0.0,0.0,0.0013899228,0.0029034842,0.0050505051,-1.0
0.0,0.0,0.0,0.0,0.0,0.0,0.0,0.0,0.0,0.0,0.0,0.0,0.0,0.0,0.0,0.0,0.0,0.0,0.042666667,0.0,0.0,0.0,0.0,0.064,0.0,0.0,0.0240024,0.0,0.0,0.0,0.0,0.0,0.0,0.0,0.0,0.0,0.0,0.0,0.0,0.0,0.0,0.0,0.0,0.04,0.037348273,0.0,0.0,0.0,0.0,0.0,0.0,0.0,0.044144594,0.0,0.00031502497,0.00020024029,0.0018939394,-1.0
0.0,0.0,0.019607843,0.0,0.0,0.0,0.0,0.0090009001,0.0,0.0,0.076628352,0.042399173,0.018018018,0.0,0.0,0.005,0.014005602,0.0,0.0053333333,0.0,0.0,0.0,0.018348624,0.0,0.1449832,0.0,0.0,0.0,0.0,0.0,0.0,0.0,0.0,0.0,0.0,0.067620286,0.044992743,0.0,0.0,0.021008403,0.0,0.0,0.0,0.0,0.0,0.0,0.0,0.01,0.016875713,0.013740771,0.0,0.0,0.0098284191,0.0,0.0013881071,0.0025030036,0.037626263,-1.0
0.0,0.0,0.22745098,0.0,0.116,0.0,0.0,0.0,0.0,0.0,0.0,0.11995863,0.0,0.0,0.0,0.0,0.0,0.0,0.0,0.0,0.0,0.0,0.0,0.0,0.0,0.0,0.0,0.0,0.0,0.0,0.0,0.0,0.0,0.0,0.0,0.0,0.0,0.0,0.0,0.0,0.0,0.081232493,0.0,0.0,0.0,0.0,0.0,0.116,0.0,0.037735849,0.0,0.0056653735,0.0,0.0,0.0016640944,0.0010012014,0.0031565657,-1.0
0.0,0.0,0.0,0.0,0.0,0.068027211,0.0,0.0,0.076045627,0.0220022,0.0,0.0,0.0,0.0,0.090702948,0.0,0.0,0.0,0.065066667,0.067106711,0.0360036,0.0,0.0,0.0,0.0,0.024009604,0.0120012,0.0,0.0,0.068027211,0.0,0.0,0.0,0.0,0.0,0.0,0.0,0.0,0.0,0.0,0.0,0.0,0.0,0.0405,0.0,0.01814059,0.0,0.0,0.0,0.0066652994,0.0,0.0,0.0,0.0,0.00076259646,0.00070084101,0.0050505051,-1.0
0.0,0.0,0.11568627,0.0,0.059,0.0,0.0,0.0,0.0,0.0,0.0,0.061013444,0.0,0.0,0.0,0.0,0.0,0.0,0.031466667,0.0,0.053105311,0.0,0.0,0.0,0.0,0.0,0.01770177,0.0,0.0,0.0,0.0,0.0,0.0,0.0,0.0,0.0,0.0,0.0,0.0,0.0,0.0,0.0,0.0,0.0,0.027544351,0.0,0.0,0.0,0.0,0.010767022,0.0,0.0,0.0,0.0,0.00074988652,0.00070084101,0.0025883838,-1.0
0.0,0.0,0.0,0.0,0.0,0.0,0.0,0.0,0.0,0.0,0.0,0.33815926,0.0,0.0,0.0,0.0,0.0,0.0,0.0,0.0,0.0,0.0,0.0,0.0,0.0,0.048619448,0.0,0.0,0.0,0.0,0.0,0.0,0.0,0.0,0.0,0.0,0.0,0.0,0.0,0.0,0.0,0.0,0.0,0.0,0.0,0.0,0.37327189,0.0,0.05290764,0.011894996,0.0,0.0,0.0,0.0,0.00088606446,0.00080096115,0.0051767677,-1.0
0.6277533,0.0,0.0,0.0,0.0,0.0,0.0,0.0,0.0,0.0,0.0,0.0,0.0,0.0,0.0,0.0,0.39915966,0.0,0.0,0.0,0.0,0.0,0.0,0.0,0.0,0.0,0.085508551,0.0,0.0,0.0,0.0,0.0,0.0,0.0,0.0,0.0,0.0,0.0,0.0,0.0,0.0,0.19957983,0.0,0.0,0.0,0.0,0.0,0.0,0.0,0.047682527,0.0,0.0,0.0,0.0,0.00022696323,0.00020024029,0.00056818182,-1.0
0.0,0.0,0.0,0.0,0.0,0.0,0.0,0.0,0.0,0.0,0.0,0.14270941,0.0,0.0,0.0,0.0,0.0,0.0,0.14773333,0.0,0.0,0.0,0.0,0.0,0.0,0.0,0.04140414,0.0,0.0,0.0,0.0,0.0,0.0,0.0,0.0,0.0,0.0,0.0,0.0,0.0,0.0,0.0,0.0,0.0,0.0,0.0,0.0,0.0,0.0,0.02337982,0.0,0.0,0.0,0.0,0.0,0.0,0.00069444444,-1.0
0.0088105727,0.0056022409,0.029411765,0.0,0.004,0.0068027211,0.0,0.00360036,0.0076045627,0.00440044,0.0,0.042399173,0.010810811,0.0,0.0,0.0,0.0084033613,0.01650165,0.032,0.0,0.03060306,0.0,0.0036697248,0.0,0.0,0.0,0.0,0.0,0.0014005602,0.0,0.0,0.0,0.091859186,0.0,0.0,0.024707412,0.11901306,0.0024009604,0.00360036,0.0,0.0028011204,0.0014005602,0.022408964,0.001,0.0,0.011791383,0.01843318,0.054,0.0011402509,0.021841674,0.00049007596,0.00095449227,0.0064967516,0.00040344949,0.0011311847,0.0053063676,0.1895202,-1.0
0.0,0.0,0.0,0.0,0.0,0.0,0.0,0.0,0.0,0.0,0.0,0.0,0.0,0.0,0.0,0.0,0.0,0.0,0.0,0.0,0.0,0.0,0.0,0.0,0.0,0.0,0.0,0.0,0.0,0.0,0.0,0.0,0.0,0.0,0.0,0.0,0.0,0.0,0.0,0.0,0.0,0.0,0.0,0.0,0.0,0.0,0.0,0.0,0.0,0.0,0.0,0.0,0.0,0.0,0.00015070359,0.00010012014,0.00037878788,-1.0
0.0,0.0,0.0,0.0,0.0,0.0,0.0,0.0,0.0,0.0,0.0,0.0,0.0,0.0,0.0,0.0,0.0,0.0,0.0,0.0,0.0,0.0,0.0,0.0,0.0,0.0,0.0,0.0,0.0,0.0,0.0,0.0,0.0,0.0,0.0,0.0,0.0,0.0,0.0,0.0,0.0,0.0,0.0,0.0,0.0,0.0,0.0,0.0,0.0,0.0,0.0,0.0,0.0,0.0,0.0040853382,0.00080096115,0.00063131313,-1.0
0.0,0.0,0.0,0.0,0.0,0.0,0.0,0.0,0.0,0.0,0.0,0.0,0.0,0.0,0.0,0.0,0.0,0.0,0.17173333,0.0,0.19351935,0.0,0.0,0.0,0.0,0.0,0.0,0.0,0.0,0.0,0.0,0.0,0.0,0.0,0.0,0.0,0.0,0.0,0.0,0.0,0.30112045,0.0,0.0,0.0,0.0,0.048526077,0.0,0.0,0.0,0.020200984,0.0,0.0,0.0,0.0,0.0011938266,0.00060072087,0.0027146465,-1.0
0.0,0.0,0.0,0.0,0.0,0.0,0.0,0.0,0.0,0.0,0.0,0.0,0.0,0.0,0.0,0.0,0.0,0.0,0.11306667,0.0,0.0,0.0,0.0,0.0,0.0,0.0,0.0,0.0,0.0,0.0,0.0,0.0,0.0,0.0,0.0,0.0,0.0,0.0,0.0,0.0,0.0,0.14845938,0.0,0.0,0.0,0.096145125,0.0,0.0,0.0,0.035274815,0.0,0.0,0.0,0.0,0.00036314117,0.00040048058,0.00082070707,-1.0
0.0,0.0,0.0,0.0,0.0,0.0,0.0,0.0,0.0,0.04620462,0.0,0.086866598,0.0,0.0,0.0,0.0,0.0,0.0,0.13546667,0.0,0.15211521,0.0,0.0,0.0,0.0,0.0,0.0,0.0,0.0,0.0,0.0,0.0,0.0,0.0,0.0,0.0,0.0,0.0,0.0,0.0,0.0,0.0,0.0,0.0,0.0,0.076643991,0.0,0.0,0.0,0.013740771,0.0,0.0,0.0,0.0,0.00025873808,0.00040048058,0.0016414141,-1.0
0.0,0.0,0.0,0.0,0.0,0.0,0.0,0.0,0.0,0.0,0.0,0.0,0.2036036,0.0,0.0,0.0,0.0,0.0,0.060266667,0.0,0.0,0.0,0.0,0.0,0.0,0.0,0.0,0.0,0.0,0.0,0.0,0.0,0.0,0.0,0.0,0.0,0.0,0.0,0.0,0.0,0.0,0.0,0.0,0.0,0.052754435,0.0,0.0,0.0,0.14458381,0.0,0.051703014,0.0,0.035149092,0.0,0.00031502497,0.00030036043,0.0018939394,-1.0
0.0,0.0,0.15882353,0.0,0.027,0.0,0.0,0.0,0.0,0.014851485,0.0,0.027921406,0.048648649,0.0,0.0,0.0,0.0,0.0,0.1152,0.0,0.04860486,0.0,0.0,0.0,0.0,0.0,0.0,0.0,0.0,0.0,0.0,0.0,0.0,0.0,0.0,0.0,0.0,0.0,0.0,0.0,0.0,0.0,0.0,0.0,0.025210084,0.012244898,0.0,0.0,0.010262258,0.0093314192,0.0,0.0013855533,0.0,0.0,0.00097866546,0.0046055266,0.0066287879,-1.0
0.0,0.0,0.11764706,0.0,0.0,0.0,0.0,0.0,0.0,0.0,0.0,0.0,0.0,0.0,0.0,0.03,0.0,0.0,0.096,0.0,0.1080108,0.0,0.0,0.0,0.0,0.0,0.0,0.0,0.0,0.0,0.0,0.0,0.0,0.0,0.0,0.0,0.0,0.0,0.0,0.0,0.0,0.0,0.0,0.0,0.0,0.0,0.0,0.0,0.0,0.0,0.0,0.02515549,0.0,0.0,0.00077802996,0.001401682,0.0023989899,-1.0
0.15418502,0.0,0.1372549,0.0,0.0,0.0,0.0,0.0,0.0,0.0,0.0,0.0,0.0,0.0,0.0,0.0,0.0,0.0,0.15093333,0.0,0.0,0.0,0.0,0.0,0.0,0.0,0.0,0.0,0.0,0.0,0.0,0.0,0.0,0.0,0.0,0.0,0.0,0.0,0.0,0.0,0.0,0.0,0.0,0.0,0.065826331,0.063945578,0.0,0.0,0.0,0.0,0.0,0.0032329577,0.0,0.0,0.0012183386,0.0046055266,0.0055555556,-1.0
0.0,0.0,0.0,0.0,0.0,0.0,0.0,0.0,0.0,0.052805281,0.0,0.0,0.17297297,0.0,0.0,0.0,0.0,0.0,0.1024,0.0,0.0,0.0,0.0,0.0,0.0,0.0,0.0,0.0,0.0,0.0,0.0,0.0,0.0,0.0,0.0,0.0,0.0,0.0,0.0,0.0,0.0,0.067226891,0.0,0.0,0.13445378,0.0,0.0,0.0,0.0,0.033531583,0.0,0.010068354,0.054472764,0.0,0.00043758511,0.00030036043,0.0026515152,-1.0
0.0,0.0,0.22941176,0.0,0.117,0.0,0.0,0.0,0.0,0.0,0.0,0.36401241,0.0,0.0,0.0,0.0,0.0,0.0,0.0624,0.0,0.0,0.0,0.0,0.0,0.0,0.0,0.0,0.0,0.0,0.0,0.0,0.0,0.0,0.0,0.0,0.0,0.0,0.0,0.0,0.0,0.0,0.16456583,0.0,0.0,0.10971055,0.0,0.0,0.0,0.0,0.019688269,0.0,0.035593325,0.031984008,0.0,0.00063549705,0.00050060072,0.0020833333,-1.0
0.068281938,0.0,0.060784314,0.0,0.0,0.0,0.0,0.0,0.0,0.0,0.0,0.032057911,0.055855856,0.0,0.0,0.0,0.0,0.0,0.15146667,0.0,0.084608461,0.0,0.0,0.0,0.0,0.0,0.0,0.0,0.0,0.0,0.0,0.0,0.0,0.0,0.0,0.0,0.0,0.0,0.0,0.0,0.0,0.0,0.0,0.0,0.0,0.0,0.0,0.0,0.0,0.006050041,0.0,0.021830162,0.0,0.0,0.0001080345,0.00030036043,0.0029040404,-1.0
0.0,0.0,0.1,0.0,0.0,0.086734694,0.0,0.0,0.0,0.0,0.0,0.0,0.091891892,0.0,0.0,0.0255,0.0,0.0,0.054933333,0.0,0.0,0.0,0.0,0.0,0.0,0.0,0.0,0.0,0.0,0.0,0.0,0.0,0.0,0.0,0.0,0.0,0.0,0.0,0.0,0.0,0.0,0.0,0.0,0.0,0.0,0.0,0.0,0.0,0.0,0.0,0.0,0.0026787364,0.0,0.0,0.00019791194,0.00050060072,0.0023989899,-1.0
0.0,0.0,0.0,0.0,0.0,0.0,0.0,0.0,0.0,0.0,0.0,0.0,0.0,0.175,0.0,0.0,0.0,0.0,0.093333333,0.0,0.0,0.0,0.0,0.0,0.0,0.0,0.0,0.0,0.0,0.0,0.0,0.0,0.0,0.0,0.0,0.0,0.0,0.0,0.0,0.0,0.0,0.0,0.0,0.0,0.0,0.0,0.0,0.0,0.0,0.0,0.0,0.0076975183,0.0,0.0,0.00025873808,0.00020024029,0.0010732323,-1.0
0.0,0.030812325,0.0,0.0,0.044,0.0,0.0,0.0,0.0,0.02420242,0.0,0.045501551,0.0,0.0,0.0,0.0,0.0,0.0,0.023466667,0.0,0.0,0.51520468,0.0,0.0,0.0,0.0,0.0,0.0,0.0,0.0,0.0,0.0,0.0,0.0,0.0,0.0,0.0,0.0,0.0,0.0,0.0,0.0,0.0,0.0,0.0,0.0,0.0,0.0,0.9958951,0.0,0.0,0.0022784654,0.0,0.029855262,0.0057085792,0.0042050461,0.020643939,-1.0
0.0,0.028711485,0.0,0.0,0.0,0.0,0.0,0.0,0.0,0.022552255,0.0,0.042399173,0.0,0.0,0.0,0.0,0.0,0.0,0.021866667,0.0,0.0,0.48479532,0.0,0.0,0.0,0.0,0.0,0.0,0.0,0.0,0.0,0.0,0.0,0.0,0.0,0.0,0.0,0.0,0.0,0.0,0.0,0.0,0.0,0.0,0.0,0.0,0.0,0.0,0.9340935,0.0,0.0,0.0021553051,0.0,0.039134601,0.0059291875,0.0042050461,0.022285354,-1.0
0.0,0.0,0.0,0.0,0.344,0.0,0.0,0.0,0.0,0.0,0.0,0.0,0.0,0.0,0.0,0.0,0.0,0.0,0.0,0.0,0.0,0.0,0.0,0.0,0.0,0.0,0.0,0.0,0.0,0.0,0.0,0.0,0.0,0.0,0.0,0.0,0.0,0.0,0.0,0.0,0.0,0.0,0.0,0.0,0.0,0.0,0.0,0.0,0.0,0.0,0.0,0.0,0.0,0.0,0.00027871085,0.00040048058,0.001010101,-1.0
0.88105727,0.0,0.19607843,0.0,0.1,0.0,0.0,0.0,0.0,0.0,0.0,0.10341262,0.0,0.0,0.0,0.0,0.0,0.0,0.0,0.0,0.0,0.0,0.0,0.0,0.0,0.0,0.0,0.0,0.0,0.0,0.0,0.0,0.0,0.0,0.0,0.0,0.0,0.0,0.0,0.0,0.0,0.0,0.0,0.0,0.0,0.0,0.0,0.0,0.0,0.017227235,0.0,0.0051727323,0.0,0.0,0.00041670449,0.0009010813,0.0033459596,-1.0
0.0,0.0,0.07254902,0.0,0.113,0.0,0.0,0.0,0.0,0.041254125,0.0,0.11685626,0.0,0.0,0.0,0.0,0.0,0.0,0.14133333,0.0,0.0,0.0,0.0,0.0,0.0,0.0,0.0,0.0,0.0,0.0,0.0,0.0,0.0,0.0,0.0,0.0,0.0,0.0,0.0,0.0,0.0,0.0,0.0,0.0185,0.0,0.0,0.0,0.0,0.0,0.0,0.0,0.0,0.0,0.0,0.00023967317,0.00030036043,0.0026515152,-1.0
0.0,0.0,0.0,0.0,0.0,0.0,0.0,0.0,0.0,0.0,0.0,0.071354705,0.0,0.0,0.0,0.0345,0.0,0.0,0.1488,0.0,0.062106211,0.0,0.0,0.0,0.10033605,0.0,0.0,0.0,0.0,0.23639456,0.0,0.0,0.0,0.0,0.0,0.0,0.0,0.0,0.0,0.0,0.0,0.0,0.0,0.0,0.032212885,0.063038549,0.0,0.0,0.0,0.022662018,0.0,0.0,0.0,0.0,0.0010748979,0.0011013216,0.0051767677,-1.0
0.21365639,0.0,0.0,0.0,0.048,0.0,0.0,0.0,0.0,0.0,0.0,0.0,0.0,0.0,0.0,0.024,0.0,0.0,0.12906667,0.0,0.0,0.0,0.0,0.0,0.0,0.0,0.0,0.0,0.0,0.0,0.0,0.0,0.0,0.0,0.0,0.0,0.0,0.0,0.0,0.0,0.0,0.033613445,0.0,0.0,0.022408964,0.04399093,0.0,0.0,0.0,0.01538146,0.0,0.0,0.0,0.003782339,0.0021488879,0.0020024029,0.010353535,-1.0
0.0,0.075630252,0.0,0.0,0.0,0.0,0.0,0.0,0.0,0.0,0.0,0.11168563,0.0,0.0,0.0,0.0,0.0,0.0,0.0,0.0,0.0,0.0,0.0,0.0,0.0,0.0,0.0,0.0,0.0,0.0,0.0,0.0,0.0,0.0,0.0,0.0,0.0,0.0,0.0,0.0,0.0,0.0,0.0,0.0,0.0,0.0,0.0,0.0,0.0,0.018560295,0.0,0.0,0.0,0.0,0.00055560599,0.0010012014,0.0030934343,-1.0
0.0,0.0,0.08627451,0.0,0.0,0.074829932,0.0,0.0,0.0,0.0,0.0,0.0,0.079279279,0.0,0.0,0.0,0.0,0.0,0.1424,0.0,0.080108011,0.0,0.0,0.0,0.042726836,0.0,0.0,0.0,0.0,0.0,0.0,0.0,0.0,0.0,0.0,0.057217165,0.0,0.0,0.0,0.0,0.06162465,0.0,0.0,0.0,0.02054155,0.0,0.0,0.0,0.0,0.007588187,0.0,0.0045877209,0.0,0.0,0.00010440309,0.00010012014,0.0017676768,-1.0
0.0,0.0,0.1254902,0.0,0.0,0.0,0.0,0.0,0.0,0.0,0.0,0.0,0.0,0.0,0.0,0.0,0.0,0.0,0.17173333,0.0,0.0,0.0,0.0,0.0,0.030724916,0.0,0.0,0.0,0.0,0.0,0.0,0.0,0.0,0.0,0.0,0.0,0.092888244,0.0,0.057605761,0.0,0.0,0.0,0.0,0.0,0.06022409,0.1170068,0.0,0.0,0.0,0.035684988,0.0,0.035716485,0.0,0.0,0.0019255561,0.001401682,0.0064393939,-1.0
0.0,0.0,0.0,0.0,0.0,0.0,0.0,0.0,0.0,0.0,0.0,0.034126163,0.0,0.0,0.0,0.0,0.0,0.0,0.2288,0.0,0.23762376,0.0,0.0,0.0,0.0,0.0,0.0,0.0,0.0,0.0,0.0,0.0,0.0,0.0,0.0,0.0,0.0,0.0,0.0,0.0,0.0,0.0,0.0,0.0,0.030812325,0.0,0.0,0.0,0.0,0.0059474979,0.0,0.0,0.0,0.0,0.0001389015,0.00020024029,0.00088383838,-1.0
0.0,0.0,0.0,0.0,0.0,0.0,0.0,0.0,0.0,0.0,0.0,0.0,0.0,0.0,0.0,0.0,0.0,0.0,0.0,0.0,0.0,0.0,0.0,0.0,0.0,0.0,0.0,0.0,0.0,0.0,0.0,0.0,0.0,0.0,0.0,0.0,0.0,0.0,0.0,0.0,0.0,0.0,0.0,0.0,0.0,0.30204082,0.0,0.0,0.0,0.034249385,0.0,0.0,0.0,0.0,0.0021180209,0.0017020425,0.0037247475,-1.0
0.0,0.0,0.0,0.0,0.0,0.0,0.0,0.0,0.0,0.0,0.0,0.0,0.0,0.0,0.0,0.0,0.0,0.097909791,0.047466667,0.0,0.0,0.0,0.0,0.0,0.0,0.0,0.0,0.0,0.0,0.0,0.0,0.0,0.0,0.0,0.0,0.0,0.0,0.0,0.0,0.0,0.0,0.0,0.0,0.0,0.0,0.040362812,0.0,0.0,0.0,0.0,0.0,0.0,0.0,0.0,0.00024148888,0.00020024029,0.0011363636,-1.0
0.068281938,0.0,0.12156863,0.0,0.0,0.052721088,0.0,0.0,0.0,0.0,0.0,0.19441572,0.0,0.0,0.0,0.0,0.0,0.0,0.033066667,0.0,0.0,0.0,0.0,0.0,0.0,0.0,0.0,0.0,0.0,0.0,0.0,0.0,0.0,0.0,0.0,0.0,0.0,0.0,0.0,0.0,0.0,0.0,0.0,0.0155,0.014472456,0.014058957,0.0,0.0,0.0,0.023789992,0.0,0.0,0.0,0.0,0.00012891512,0.00020024029,0.0054924242,-1.0
